"genetic_fam","band_dad","band_mom","site_dad","site_ind2","FamilyID_dad","FamilyID_mom","FamilyID_ind2","site_type","fert","fert_type"
"2350-21085_2640-97596","2350-21085","2640-97596","Make Believe","Make Believe","MakeBelieve-70","MakeBelieve-70","MakeBelieve-70","medium",5,"wp"
"2350-21085_2850-57878","2350-21085","2850-57878","Make Believe","Make Believe","MakeBelieve-70.3","MakeBelieve-70.3","MakeBelieve-70.3","medium",2,"wp"
"2640-97548_2850-57572","2640-97548","2850-57572","Blue Cloud","Blue Cloud","BlueCloud-18","BlueCloud-06","BlueCloud-06","medium",1,"ep_same"
"2640-97548_2850-57869","2640-97548","2850-57869","Blue Cloud","Blue Cloud","BlueCloud-18","BlueCloud-18","BlueCloud-18","medium",2,"wp"
"2811-83118_2850-57948","2811-83118","2850-57948","Cooks","Cooks","Cooks-15","Cooks-15","Cooks-15","medium",4,"wp"
"2811-83229_2850-57952","2811-83229","2850-57952","Jays","Jays","Jays-01","Jays-01","Jays-01","solitary",5,"wp"
"2850-57518_2850-57938","2850-57518","2850-57938","Make Believe","Make Believe","MakeBelieve-69","MakeBelieve-34","MakeBelieve-34","medium",2,"ep_same"
"2850-57518_2850-57941","2850-57518","2850-57941","Make Believe","Make Believe","MakeBelieve-69","MakeBelieve-69","MakeBelieve-69","medium",8,"wp"
"2850-57552_2850-57551","2850-57552","2850-57551","Struthers","Struthers","Struthers-24","Struthers-24","Struthers-24","small",5,"wp"
"2850-57574_2850-57575","2850-57574","2850-57575","Cooks","Cooks","Cooks-02","Cooks-04","Cooks-04","medium",3,"ep_same"
"2850-57574_2850-57931","2850-57574","2850-57931","Cooks","Cooks","Cooks-02","Cooks-02","Cooks-02","medium",3,"wp"
"2850-57614_2850-57871","2850-57614","2850-57871","Blue Cloud","Blue Cloud","BlueCloud-22","BlueCloud-22","BlueCloud-22","medium",2,"wp"
"2850-57638_2850-57853","2850-57638","2850-57853","Cooks","Cooks","Cooks-29","Cooks-29","Cooks-29","medium",3,"wp"
"2850-57638_2850-57931","2850-57638","2850-57931","Cooks","Cooks","Cooks-29","Cooks-02","Cooks-02","medium",2,"ep_same"
"2850-57642_2850-57575","2850-57642","2850-57575","Cooks","Cooks","Cooks-04","Cooks-04","Cooks-04","medium",9,"wp"
"2850-57643_2850-57608","2850-57643","2850-57608","Urban Farm Girlz","Urban Farm Girlz","UrbanFarm-07","UrbanFarm-07","UrbanFarm-07","small",4,"wp"
"2850-57643_2850-57764","2850-57643","2850-57764","Urban Farm Girlz","Urban Farm Girlz","UrbanFarm-07","UrbanFarm-08","UrbanFarm-08","small",2,"ep_same"
"2850-57659_2850-57551","2850-57659","2850-57551","Blue Cloud","Struthers","BlueCloud-04","Struthers-24","Struthers-24","small",1,"ep_diff"
"2850-57659_2850-57928","2850-57659","2850-57928","Blue Cloud","Blue Cloud","BlueCloud-04","BlueCloud-04","BlueCloud-04","medium",4,"wp"
"2850-57674_2850-57551","2850-57674","2850-57551","Struthers","Struthers","Struthers-03","Struthers-24","Struthers-24","small",1,"ep_same"
"2850-57674_2850-57683","2850-57674","2850-57683","Struthers","Struthers","Struthers-03","Struthers-03","Struthers-03","small",6,"wp"
"2850-57677_2850-57956","2850-57677","2850-57956","Karens","Karens","Karens-01","Karens-01","Karens-01","solitary",5,"wp"
"2850-57684_2850-57943","2850-57684","2850-57943","Struthers","Struthers","Struthers-23","Struthers-23","Struthers-23","small",2,"wp"
"2850-57686_2850-57685","2850-57686","2850-57685","Boyer","Boyer","Boyer-05","Boyer-05","Boyer-05","medium",7,"wp"
"2850-57686_2850-57687","2850-57686","2850-57687","Boyer","Boyer","Boyer-13","Boyer-02","Boyer-02","medium",2,"ep_same"
"2850-57686_2850-57688","2850-57686","2850-57688","Boyer","Boyer","Boyer-13","Boyer-13","Boyer-13","medium",8,"wp"
"2850-57765_2850-57629","2850-57765","2850-57629","Urban Farm Girlz","Urban Farm Girlz","UrbanFarm-05","UrbanFarm-05","UrbanFarm-05","small",1,"wp"
"2850-57772_2850-57771","2850-57772","2850-57771","Cooks","Cooks","Cooks-02.2","Cooks-04.2","Cooks-04.2","medium",1,"ep_same"
"2850-57877_2850-57878","2850-57877","2850-57878","Make Believe","Make Believe","MakeBelieve-31","MakeBelieve-31","MakeBelieve-31","medium",4,"wp"
"2850-57877_2870-65019","2850-57877","2870-65019","Make Believe","Make Believe","MakeBelieve-31","MakeBelieve-17","MakeBelieve-17","medium",1,"ep_same"
"2850-57901_2850-57572","2850-57901","2850-57572","Blue Cloud","Blue Cloud","BlueCloud-06","BlueCloud-06","BlueCloud-06","medium",7,"wp"
"2850-57901_2850-57869","2850-57901","2850-57869","Blue Cloud","Blue Cloud","BlueCloud-06","BlueCloud-18","BlueCloud-18","medium",2,"ep_same"
"2850-57901_2850-57871","2850-57901","2850-57871","Blue Cloud","Blue Cloud","BlueCloud-06","BlueCloud-22","BlueCloud-22","medium",3,"ep_same"
"2850-57935_2870-65015","2850-57935","2870-65015","Boyer","Boyer","Boyer-14","Boyer-14","Boyer-14","medium",6,"wp"
"2850-57937_2850-57939","2850-57937","2850-57939","Make Believe","Make Believe","MakeBelieve-74","MakeBelieve-74","MakeBelieve-74","medium",11,"wp"
"2850-57944_2850-57945","2850-57944","2850-57945","Plumbumpy","Plumbumpy","Plum-01","Plum-01","Plum-01","solitary",5,"wp"
"2850-57947_2850-57946","2850-57947","2850-57946","Blue Cloud","Blue Cloud","Nixon-01","Nixon-01","Nixon-01","medium",4,"wp"
"2850-57949_2850-57950","2850-57949","2850-57950","Speedwell","Speedwell","Speedwell-01","Speedwell-01","Speedwell-01","solitary",6,"wp"
"2850-57953_2850-57934","2850-57953","2850-57934","Cathys","Boyer","Cathys-01","Boyer-03","Boyer-03","medium",3,"ep_diff"
"2850-57953_2850-57954","2850-57953","2850-57954","Cathys","Cathys","Cathys-01","Cathys-01","Cathys-01","solitary",6,"wp"
"2850-57967_2850-57952","2850-57967","2850-57952","Green Mill","Jays","none","Jays-01","Jays-01","solitary",3,"ep_diff"
"2850-57977_2850-57978","2850-57977","2850-57978","Red Wagon","Red Wagon","RedWagon-01","RedWagon-01","RedWagon-01","solitary",1,"wp"
"2870-64906_2811-06861","2870-64906","2811-06861","Boyer","Boyer","Boyer-09","Boyer-09","Boyer-09","medium",9,"wp"
"2870-64906_2850-57685","2870-64906","2850-57685","Boyer","Boyer","Boyer-09","Boyer-05","Boyer-05","medium",2,"ep_same"
"2870-65014_2850-57687","2870-65014","2850-57687","Boyer","Boyer","Boyer-02","Boyer-02","Boyer-02","medium",3,"wp"
"2870-65016_2850-57685","2870-65016","2850-57685","Boyer","Boyer","Boyer-03","Boyer-05","Boyer-05","medium",1,"ep_same"
"2870-65016_2850-57934","2870-65016","2850-57934","Boyer","Boyer","Boyer-03","Boyer-03","Boyer-03","medium",5,"wp"
"NA_2811-06861",NA,"2811-06861",NA,"Boyer",NA,"Boyer-09","Boyer-09","medium",1,"ep_unsampled"
"NA_2850-57575",NA,"2850-57575",NA,"Cooks",NA,"Cooks-04","Cooks-04","medium",2,"ep_unsampled"
"NA_2850-57629",NA,"2850-57629",NA,"Urban Farm Girlz",NA,"UrbanFarm-05","UrbanFarm-05","small",4,"ep_unsampled"
"NA_2850-57685",NA,"2850-57685",NA,"Boyer",NA,"Boyer-05","Boyer-05","medium",1,"ep_unsampled"
"NA_2850-57687",NA,"2850-57687",NA,"Boyer",NA,"Boyer-02","Boyer-02","medium",3,"ep_unsampled"
"NA_2850-57764",NA,"2850-57764",NA,"Urban Farm Girlz",NA,"UrbanFarm-08","UrbanFarm-08","small",1,"ep_unsampled"
"NA_2850-57771",NA,"2850-57771",NA,"Cooks",NA,"Cooks-04.2","Cooks-04.2","medium",2,"ep_unsampled"
"NA_2850-57853",NA,"2850-57853",NA,"Cooks",NA,"Cooks-29","Cooks-29","medium",1,"ep_unsampled"
"NA_2850-57869",NA,"2850-57869",NA,"Blue Cloud",NA,"BlueCloud-18","BlueCloud-18","medium",4,"ep_unsampled"
"NA_2850-57931",NA,"2850-57931",NA,"Cooks",NA,"Cooks-02","Cooks-02","medium",1,"ep_unsampled"
"NA_2850-57932",NA,"2850-57932",NA,"Cooks",NA,"Cooks-18","Cooks-18","medium",4,"ep_unsampled"
"NA_2850-57934",NA,"2850-57934",NA,"Boyer",NA,"Boyer-03","Boyer-03","medium",2,"ep_unsampled"
"NA_2850-57938",NA,"2850-57938",NA,"Make Believe",NA,"MakeBelieve-34","MakeBelieve-34","medium",1,"ep_unsampled"
"NA_2850-57939",NA,"2850-57939",NA,"Make Believe",NA,"MakeBelieve-74","MakeBelieve-74","medium",2,"ep_unsampled"
"NA_2850-57948",NA,"2850-57948",NA,"Cooks",NA,"Cooks-15","Cooks-15","medium",4,"ep_unsampled"
"NA_2850-57950",NA,"2850-57950",NA,"Speedwell",NA,"Speedwell-01","Speedwell-01","solitary",1,"ep_unsampled"
