"Ind2","genetic_fam","band_ind2","site_ind2","nest_ind2","type_ind2","FamilyID_ind2","brood_ind2","clutchID_ind2","mom.assign3","dad.assign3","k0_hat_dad","k1_hat_dad","k2_hat_dad","pi_HAT_dad","nbSNP_dad","band_dad","site_dad","nest_dad","type_dad","FamilyID_dad","k0_hat_mom","k1_hat_mom","k2_hat_mom","pi_HAT_mom","nbSNP_mom","band_mom","site_mom","nest_mom","type_mom","FamilyID_mom","site_type"
"CO_33926","2850-57901_2850-57572","2881-33926","Blue Cloud",6.2,"kid","BlueCloud-06","1","Blue Cloud_6.2_1",1,1,0.291,0.587,0.123,0.416,53256,"2850-57901","Blue Cloud",6,"dad","BlueCloud-06",0.307,0.597,0.095,0.394,59146,"2850-57572","Blue Cloud",6,"mom","BlueCloud-06","medium"
"CO_33931","2640-97548_2850-57572","2881-33931","Blue Cloud",6.2,"kid","BlueCloud-06","1","Blue Cloud_6.2_1",1,1,0.249,0.662,0.09,0.42,66888,"2640-97548","Blue Cloud",18,"dad","BlueCloud-18",0.294,0.6,0.106,0.406,62578,"2850-57572","Blue Cloud",6,"mom","BlueCloud-06","medium"
"CO_33930","2850-57901_2850-57572","2881-33930","Blue Cloud",6.2,"kid","BlueCloud-06","1","Blue Cloud_6.2_1",1,1,0.275,0.625,0.101,0.413,53914,"2850-57901","Blue Cloud",6,"dad","BlueCloud-06",0.278,0.611,0.112,0.417,59848,"2850-57572","Blue Cloud",6,"mom","BlueCloud-06","medium"
"CO_33927","2850-57901_2850-57572","2881-33927","Blue Cloud",6.2,"kid","BlueCloud-06","1","Blue Cloud_6.2_1",1,1,0.223,0.762,0.016,0.397,56637,"2850-57901","Blue Cloud",6,"dad","BlueCloud-06",0.26,0.634,0.106,0.423,63033,"2850-57572","Blue Cloud",6,"mom","BlueCloud-06","medium"
"CO_33929","2850-57901_2850-57572","2881-33929","Blue Cloud",6.2,"kid","BlueCloud-06","1","Blue Cloud_6.2_1",1,1,0.235,0.698,0.068,0.416,51076,"2850-57901","Blue Cloud",6,"dad","BlueCloud-06",0.299,0.578,0.123,0.412,56610,"2850-57572","Blue Cloud",6,"mom","BlueCloud-06","medium"
"CO_33928","2850-57901_2850-57572","2881-33928","Blue Cloud",6.2,"kid","BlueCloud-06","1","Blue Cloud_6.2_1",1,1,0.273,0.606,0.121,0.424,54542,"2850-57901","Blue Cloud",6,"dad","BlueCloud-06",0.256,0.673,0.07,0.407,60542,"2850-57572","Blue Cloud",6,"mom","BlueCloud-06","medium"
"CO_E099","2850-57901_2850-57572","E099","Blue Cloud",6,"egg","BlueCloud-06","collected","Blue Cloud_6_collected",1,1,0.295,0.584,0.121,0.413,50645,"2850-57901","Blue Cloud",6,"dad","BlueCloud-06",0.261,0.643,0.097,0.418,56287,"2850-57572","Blue Cloud",6,"mom","BlueCloud-06","medium"
"CO_E100","2850-57901_2850-57572","E100","Blue Cloud",6,"egg","BlueCloud-06","collected","Blue Cloud_6_collected",1,1,0.306,0.561,0.134,0.414,47772,"2850-57901","Blue Cloud",6,"dad","BlueCloud-06",0.301,0.565,0.134,0.417,53254,"2850-57572","Blue Cloud",6,"mom","BlueCloud-06","medium"
"CO_E121","2850-57901_2850-57871","E121","Blue Cloud",22,"egg","BlueCloud-22","collected","Blue Cloud_22_collected",1,1,0.329,0.537,0.134,0.403,50609,"2850-57901","Blue Cloud",6,"dad","BlueCloud-06",0.217,0.697,0.086,0.435,59823,"2850-57871","Blue Cloud",22,"mom","BlueCloud-22","medium"
"CO_E122","2850-57901_2850-57871","E122","Blue Cloud",22,"egg","BlueCloud-22","collected","Blue Cloud_22_collected",1,1,0.329,0.515,0.156,0.414,49686,"2850-57901","Blue Cloud",6,"dad","BlueCloud-06",0.215,0.713,0.072,0.429,58904,"2850-57871","Blue Cloud",22,"mom","BlueCloud-22","medium"
"CO_E119","2850-57901_2850-57869","E119","Blue Cloud",18,"egg","BlueCloud-18","collected","Blue Cloud_18_collected",1,1,0.27,0.625,0.106,0.418,48726,"2850-57901","Blue Cloud",6,"dad","BlueCloud-06",0.158,0.787,0.056,0.449,59041,"2850-57869","Blue Cloud",18,"mom","BlueCloud-18","medium"
"CO_E116","2850-57901_2850-57869","E116","Blue Cloud",18,"egg","BlueCloud-18","collected","Blue Cloud_18_collected",1,1,0.314,0.545,0.141,0.414,48934,"2850-57901","Blue Cloud",6,"dad","BlueCloud-06",0.162,0.791,0.048,0.443,59403,"2850-57869","Blue Cloud",18,"mom","BlueCloud-18","medium"
"CO_E120","2850-57901_2850-57871","E120","Blue Cloud",22,"egg","BlueCloud-22","collected","Blue Cloud_22_collected",1,1,0.254,0.632,0.114,0.43,50879,"2850-57901","Blue Cloud",6,"dad","BlueCloud-06",0.224,0.703,0.073,0.424,59998,"2850-57871","Blue Cloud",22,"mom","BlueCloud-22","medium"
"CO_E118","2640-97548_2850-57869","E118","Blue Cloud",18,"egg","BlueCloud-18","collected","Blue Cloud_18_collected",1,1,0.19,0.774,0.036,0.423,77185,"2640-97548","Blue Cloud",18,"dad","BlueCloud-18",0.113,0.863,0.024,0.456,78794,"2850-57869","Blue Cloud",18,"mom","BlueCloud-18","medium"
"CO_E117","2640-97548_2850-57869","E117","Blue Cloud",18,"egg","BlueCloud-18","collected","Blue Cloud_18_collected",1,1,0.268,0.628,0.103,0.417,59579,"2640-97548","Blue Cloud",18,"dad","BlueCloud-18",0.179,0.758,0.063,0.442,60668,"2850-57869","Blue Cloud",18,"mom","BlueCloud-18","medium"
"CO_34137","2850-57686_2850-57688","2881-34137","Boyer",15,"kid","Boyer-13","1","Boyer_15_1",1,1,0.209,0.735,0.056,0.423,62893,"2850-57686","Boyer",13,"dad","Boyer-13",0.237,0.674,0.089,0.426,62072,"2850-57688","Boyer",5,"mom","Boyer-13","medium"
"CO_34136","2850-57686_2850-57688","2881-34136","Boyer",15,"kid","Boyer-13","1","Boyer_15_1",1,1,0.237,0.673,0.09,0.426,63814,"2850-57686","Boyer",13,"dad","Boyer-13",0.225,0.721,0.054,0.415,62878,"2850-57688","Boyer",5,"mom","Boyer-13","medium"
"CO_E126","2850-57686_2850-57688","E126","Boyer",13,"egg","Boyer-13","collected","Boyer_13_collected",1,1,0.166,0.805,0.029,0.431,78456,"2850-57686","Boyer",13,"dad","Boyer-13",0.155,0.816,0.029,0.437,77364,"2850-57688","Boyer",5,"mom","Boyer-13","medium"
"CO_E124","2850-57686_2850-57688","E124","Boyer",13,"egg","Boyer-13","collected","Boyer_13_collected",1,1,0.174,0.797,0.03,0.428,79110,"2850-57686","Boyer",13,"dad","Boyer-13",0.149,0.82,0.031,0.441,77986,"2850-57688","Boyer",5,"mom","Boyer-13","medium"
"CO_E125","2850-57686_2850-57688","E125","Boyer",13,"egg","Boyer-13","collected","Boyer_13_collected",1,1,0.254,0.657,0.089,0.418,58487,"2850-57686","Boyer",13,"dad","Boyer-13",0.259,0.655,0.086,0.413,57696,"2850-57688","Boyer",5,"mom","Boyer-13","medium"
"CO_E123","2850-57686_2850-57688","E123","Boyer",13,"egg","Boyer-13","collected","Boyer_13_collected",1,1,0.24,0.706,0.054,0.407,61505,"2850-57686","Boyer",13,"dad","Boyer-13",0.227,0.7,0.074,0.423,60616,"2850-57688","Boyer",5,"mom","Boyer-13","medium"
"CO_E127","2850-57686_2850-57688","E127","Boyer",13,"egg","Boyer-13","collected","Boyer_13_collected",1,1,0.216,0.735,0.049,0.416,58575,"2850-57686","Boyer",13,"dad","Boyer-13",0.235,0.673,0.092,0.429,57621,"2850-57688","Boyer",5,"mom","Boyer-13","medium"
"CO_34138","2850-57686_2850-57688","2881-34138","Boyer",15,"kid","Boyer-13","1","Boyer_15_1",1,1,0.21,0.742,0.047,0.418,75512,"2850-57686","Boyer",13,"dad","Boyer-13",0.228,0.717,0.055,0.413,74488,"2850-57688","Boyer",5,"mom","Boyer-13","medium"
"CO_83171","2870-64906_2850-57685","2811-83171","Boyer",13.2,"kid","Boyer-05","1","Boyer_13.2_1",1,1,0.204,0.731,0.065,0.43,63151,"2870-64906","Boyer",9,"dad","Boyer-09",0.183,0.756,0.061,0.439,70296,"2850-57685","Boyer",13,"mom","Boyer-05","medium"
"CO_83179","2870-64906_2811-06861","2811-83179","Boyer",9.2,"kid","Boyer-09","1","Boyer_9.2_1",1,1,0.247,0.669,0.085,0.419,57410,"2870-64906","Boyer",9,"dad","Boyer-09",0.2,0.727,0.073,0.436,65475,"2811-06861","Boyer",9,"mom","Boyer-09","medium"
"CO_83181","2870-64906_2811-06861","2811-83181","Boyer",9.2,"kid","Boyer-09","1","Boyer_9.2_1",1,1,0.262,0.65,0.088,0.413,58009,"2870-64906","Boyer",9,"dad","Boyer-09",0.2,0.738,0.063,0.432,66270,"2811-06861","Boyer",9,"mom","Boyer-09","medium"
"CO_83183","2870-64906_2811-06861","2811-83183","Boyer",9.2,"kid","Boyer-09","1","Boyer_9.2_1",1,1,0.225,0.683,0.092,0.434,59364,"2870-64906","Boyer",9,"dad","Boyer-09",0.181,0.748,0.071,0.445,67845,"2811-06861","Boyer",9,"mom","Boyer-09","medium"
"CO_E105","2870-64906_2811-06861","E105","Boyer",9,"egg","Boyer-09","collected","Boyer_9_collected",1,1,0.246,0.663,0.09,0.422,57358,"2870-64906","Boyer",9,"dad","Boyer-09",0.199,0.745,0.056,0.428,65312,"2811-06861","Boyer",9,"mom","Boyer-09","medium"
"CO_E106","2870-64906_2811-06861","E106","Boyer",9,"egg","Boyer-09","collected","Boyer_9_collected",1,1,0.169,0.792,0.039,0.435,70560,"2870-64906","Boyer",9,"dad","Boyer-09",0.134,0.835,0.031,0.448,80646,"2811-06861","Boyer",9,"mom","Boyer-09","medium"
"CO_E109","2870-64906_2811-06861","E109","Boyer",9,"egg","Boyer-09","collected","Boyer_9_collected",1,1,0.176,0.785,0.039,0.431,70359,"2870-64906","Boyer",9,"dad","Boyer-09",0.148,0.809,0.043,0.447,80412,"2811-06861","Boyer",9,"mom","Boyer-09","medium"
"CO_E107","2870-64906_2811-06861","E107","Boyer",9,"egg","Boyer-09","collected","Boyer_9_collected",1,1,0.174,0.786,0.04,0.433,70169,"2870-64906","Boyer",9,"dad","Boyer-09",0.15,0.815,0.034,0.442,80153,"2811-06861","Boyer",9,"mom","Boyer-09","medium"
"CO_E108","2870-64906_2811-06861","E108","Boyer",9,"egg","Boyer-09","collected","Boyer_9_collected",1,1,0.266,0.638,0.096,0.415,51421,"2870-64906","Boyer",9,"dad","Boyer-09",0.207,0.737,0.056,0.424,58553,"2811-06861","Boyer",9,"mom","Boyer-09","medium"
"CO_83172","2870-64906_2850-57685","2811-83172","Boyer",13.2,"kid","Boyer-05","1","Boyer_13.2_1",1,1,0.265,0.634,0.101,0.418,66628,"2870-64906","Boyer",9,"dad","Boyer-09",0.234,0.695,0.071,0.418,74188,"2850-57685","Boyer",13,"mom","Boyer-05","medium"
"CO_83180","2870-64906_2811-06861","2811-83180","Boyer",9.2,"kid","Boyer-09","1","Boyer_9.2_1",1,1,0.289,0.617,0.094,0.403,64350,"2870-64906","Boyer",9,"dad","Boyer-09",0.237,0.7,0.063,0.413,73461,"2811-06861","Boyer",9,"mom","Boyer-09","medium"
"CO_33820","2850-57686_2850-57685","2881-33820","Boyer",16,"kid","Boyer-05","2","Boyer_16_2",1,1,0.225,0.702,0.073,0.424,72782,"2850-57686","Boyer",13,"dad","Boyer-05",0.177,0.771,0.052,0.437,72264,"2850-57685","Boyer",13,"mom","Boyer-05","medium"
"CO_33819","2850-57686_2850-57685","2881-33819","Boyer",16,"kid","Boyer-05","2","Boyer_16_2",1,1,0.216,0.733,0.051,0.418,73132,"2850-57686","Boyer",13,"dad","Boyer-05",0.198,0.743,0.058,0.43,72591,"2850-57685","Boyer",13,"mom","Boyer-05","medium"
"CO_E155","2850-57686_2850-57685","E155","Boyer",5,"egg","Boyer-05","collected","Boyer_5_collected",1,1,0.206,0.739,0.055,0.425,61437,"2850-57686","Boyer",13,"dad","Boyer-05",0.207,0.75,0.043,0.418,60969,"2850-57685","Boyer",13,"mom","Boyer-05","medium"
"CO_E148","2850-57686_2850-57687","E148","Boyer",2,"egg","Boyer-02","collected","Boyer_2_collected",1,1,0.171,0.786,0.043,0.436,78069,"2850-57686","Boyer",13,"dad","Boyer-13",0.166,0.808,0.026,0.43,83798,"2850-57687","Boyer",2,"mom","Boyer-02","medium"
"CO_E154","2850-57686_2850-57685","E154","Boyer",5,"egg","Boyer-05","collected","Boyer_5_collected",1,1,0.238,0.676,0.086,0.424,58625,"2850-57686","Boyer",13,"dad","Boyer-05",0.188,0.747,0.065,0.439,58147,"2850-57685","Boyer",13,"mom","Boyer-05","medium"
"CO_E150","2850-57686_2850-57687","E150","Boyer",2,"egg","Boyer-02","collected","Boyer_2_collected",1,1,0.173,0.789,0.038,0.432,78688,"2850-57686","Boyer",13,"dad","Boyer-13",0.162,0.804,0.033,0.436,84458,"2850-57687","Boyer",2,"mom","Boyer-02","medium"
"CO_E153","2850-57686_2850-57685","E153","Boyer",5,"egg","Boyer-05","collected","Boyer_5_collected",1,1,0.224,0.695,0.081,0.429,58975,"2850-57686","Boyer",13,"dad","Boyer-05",0.181,0.754,0.064,0.442,58560,"2850-57685","Boyer",13,"mom","Boyer-05","medium"
"CO_E152","2850-57686_2850-57685","E152","Boyer",5,"egg","Boyer-05","collected","Boyer_5_collected",1,1,0.237,0.686,0.076,0.42,63041,"2850-57686","Boyer",13,"dad","Boyer-05",0.185,0.761,0.054,0.435,62500,"2850-57685","Boyer",13,"mom","Boyer-05","medium"
"CO_E156","2850-57686_2850-57685","E156","Boyer",5,"egg","Boyer-05","collected","Boyer_5_collected",1,1,0.18,0.777,0.043,0.431,77389,"2850-57686","Boyer",13,"dad","Boyer-05",0.133,0.865,0.002,0.434,76835,"2850-57685","Boyer",13,"mom","Boyer-05","medium"
"CO_E101","NA_2850-57853","E101","Cooks",29,"egg","Cooks-29","collected","Cooks_29_collected",1,0,NA,NA,NA,NA,NA,NA,NA,NA,NA,NA,0.522,0.158,0.32,0.399,14367,"2850-57853","Cooks",29,"mom","Cooks-29","medium"
"CO_E103","2850-57638_2850-57853","E103","Cooks",29,"egg","Cooks-29","collected","Cooks_29_collected",1,1,0.131,0.836,0.033,0.451,77058,"2850-57638","Cooks",29,"dad","Cooks-29",0.153,0.788,0.059,0.453,63749,"2850-57853","Cooks",29,"mom","Cooks-29","medium"
"CO_E104","2850-57638_2850-57853","E104","Cooks",29,"egg","Cooks-29","collected","Cooks_29_collected",1,1,0.234,0.665,0.102,0.434,61753,"2850-57638","Cooks",29,"dad","Cooks-29",0.266,0.605,0.129,0.431,51101,"2850-57853","Cooks",29,"mom","Cooks-29","medium"
"CO_E102","2850-57638_2850-57853","E102","Cooks",29,"egg","Cooks-29","collected","Cooks_29_collected",1,1,0.142,0.816,0.042,0.45,76722,"2850-57638","Cooks",29,"dad","Cooks-29",0.164,0.782,0.054,0.445,63380,"2850-57853","Cooks",29,"mom","Cooks-29","medium"
"CO_33811","2811-83229_2850-57952","2881-33811","Jays",1.2,"kid","Jays-01","2","Jays_1.2_2",1,1,0.215,0.677,0.108,0.446,53910,"2811-83229","Jays",1,"dad","Jays-01",0.204,0.734,0.062,0.429,66491,"2850-57952","Jays",1,"mom","Jays-01","solitary"
"CO_33809","2811-83229_2850-57952","2881-33809","Jays",1.2,"kid","Jays-01","2","Jays_1.2_2",1,1,0.247,0.627,0.125,0.439,53024,"2811-83229","Jays",1,"dad","Jays-01",0.21,0.737,0.054,0.422,65446,"2850-57952","Jays",1,"mom","Jays-01","solitary"
"CO_33810","2811-83229_2850-57952","2881-33810","Jays",1.2,"kid","Jays-01","2","Jays_1.2_2",1,1,0.26,0.622,0.118,0.429,57156,"2811-83229","Jays",1,"dad","Jays-01",0.212,0.713,0.075,0.432,70501,"2850-57952","Jays",1,"mom","Jays-01","solitary"
"CO_83166","2811-83229_2850-57952","2811-83166","Jays",1,"kid","Jays-01","1","Jays_1_1",1,1,0.202,0.734,0.064,0.431,56413,"2811-83229","Jays",1,"dad","Jays-01",0.208,0.733,0.059,0.425,69718,"2850-57952","Jays",1,"mom","Jays-01","solitary"
"CO_83169","2811-83229_2850-57952","2811-83169","Jays",1,"kid","Jays-01","1","Jays_1_1",1,1,0.211,0.707,0.082,0.435,58346,"2811-83229","Jays",1,"dad","Jays-01",0.185,0.745,0.07,0.443,71984,"2850-57952","Jays",1,"mom","Jays-01","solitary"
"CO_33935","2850-57677_2850-57956","2881-33935","Karens",1,"kid","Karens-01","1","Karens_1_1",1,1,0.221,0.7,0.08,0.43,63957,"2850-57677","Karens",1,"dad","Karens-01",0.178,0.743,0.079,0.451,56186,"2850-57956","Karens",1,"mom","Karens-01","solitary"
"CO_33932","2850-57677_2850-57956","2881-33932","Karens",1,"kid","Karens-01","1","Karens_1_1",1,1,0.18,0.758,0.061,0.44,69276,"2850-57677","Karens",1,"dad","Karens-01",0.173,0.764,0.063,0.445,60932,"2850-57956","Karens",1,"mom","Karens-01","solitary"
"CO_33936","2850-57677_2850-57956","2881-33936","Karens",1,"kid","Karens-01","1","Karens_1_1",1,1,0.204,0.728,0.068,0.432,66341,"2850-57677","Karens",1,"dad","Karens-01",0.214,0.696,0.091,0.438,58294,"2850-57956","Karens",1,"mom","Karens-01","solitary"
"CO_33933","2850-57677_2850-57956","2881-33933","Karens",1,"kid","Karens-01","1","Karens_1_1",1,1,0.205,0.721,0.075,0.435,69495,"2850-57677","Karens",1,"dad","Karens-01",0.206,0.704,0.09,0.442,61042,"2850-57956","Karens",1,"mom","Karens-01","solitary"
"CO_33934","2850-57677_2850-57956","2881-33934","Karens",1,"kid","Karens-01","1","Karens_1_1",1,1,0.211,0.723,0.066,0.428,71689,"2850-57677","Karens",1,"dad","Karens-01",0.188,0.729,0.083,0.448,63024,"2850-57956","Karens",1,"mom","Karens-01","solitary"
"CO_83475","2350-21085_2850-57878","2811-83475","Make Believe",70.3,"kid","MakeBelieve-70.3","2","Make Believe_70.3_2",1,1,0.235,0.695,0.07,0.418,62306,"2350-21085","Make Believe",70,"dad","MakeBelieve-70.3",0.161,0.793,0.046,0.442,71912,"2850-57878","Make Believe",31,"mom","MakeBelieve-70.3","medium"
"CO_E095","2850-57877_2850-57878","E095","Make Believe",31,"egg","MakeBelieve-31","collected","Make Believe_31_collected",1,1,0.142,0.83,0.028,0.443,74984,"2850-57877","Make Believe",31,"dad","MakeBelieve-31",0.159,0.796,0.045,0.443,79739,"2850-57878","Make Believe",31,"mom","MakeBelieve-31","medium"
"CO_E098","2850-57877_2850-57878","E098","Make Believe",31,"egg","MakeBelieve-31","collected","Make Believe_31_collected",1,1,0.178,0.771,0.05,0.436,73871,"2850-57877","Make Believe",31,"dad","MakeBelieve-31",0.147,0.821,0.033,0.443,78617,"2850-57878","Make Believe",31,"mom","MakeBelieve-31","medium"
"CO_E096","2850-57877_2850-57878","E096","Make Believe",31,"egg","MakeBelieve-31","collected","Make Believe_31_collected",1,1,0.135,0.834,0.031,0.448,72839,"2850-57877","Make Believe",31,"dad","MakeBelieve-31",0.169,0.802,0.029,0.43,77482,"2850-57878","Make Believe",31,"mom","MakeBelieve-31","medium"
"CO_E097","2850-57877_2850-57878","E097","Make Believe",31,"egg","MakeBelieve-31","collected","Make Believe_31_collected",1,1,0.16,0.792,0.048,0.444,71258,"2850-57877","Make Believe",31,"dad","MakeBelieve-31",0.168,0.781,0.051,0.441,75729,"2850-57878","Make Believe",31,"mom","MakeBelieve-31","medium"
"CO_83476","2350-21085_2850-57878","2811-83476","Make Believe",70.3,"kid","MakeBelieve-70.3","2","Make Believe_70.3_2",1,1,0.273,0.639,0.088,0.407,66420,"2350-21085","Make Believe",70,"dad","MakeBelieve-70.3",0.205,0.737,0.059,0.427,76726,"2850-57878","Make Believe",31,"mom","MakeBelieve-70.3","medium"
"CO_E090","2350-21085_2640-97596","E090","Make Believe",70,"kid","MakeBelieve-70","collected","Make Believe_70_collected",1,1,0.267,0.634,0.099,0.416,56048,"2350-21085","Make Believe",70,"dad","MakeBelieve-70",0.275,0.592,0.133,0.429,56879,"2640-97596","Make Believe",70,"mom","MakeBelieve-70","medium"
"CO_E091","2350-21085_2640-97596","E091","Make Believe",70,"kid","MakeBelieve-70","collected","Make Believe_70_collected",1,1,0.276,0.647,0.076,0.4,59403,"2350-21085","Make Believe",70,"dad","MakeBelieve-70",0.213,0.705,0.082,0.434,60331,"2640-97596","Make Believe",70,"mom","MakeBelieve-70","medium"
"CO_E092","2350-21085_2640-97596","E092","Make Believe",70,"kid","MakeBelieve-70","collected","Make Believe_70_collected",1,1,0.231,0.71,0.058,0.413,54235,"2350-21085","Make Believe",70,"dad","MakeBelieve-70",0.242,0.653,0.105,0.431,55115,"2640-97596","Make Believe",70,"mom","MakeBelieve-70","medium"
"CO_E093","2350-21085_2640-97596","E093","Make Believe",70,"kid","MakeBelieve-70","collected","Make Believe_70_collected",1,1,0.275,0.627,0.097,0.411,56048,"2350-21085","Make Believe",70,"dad","MakeBelieve-70",0.239,0.665,0.096,0.428,56849,"2640-97596","Make Believe",70,"mom","MakeBelieve-70","medium"
"CO_E094","2350-21085_2640-97596","E094","Make Believe",70,"kid","MakeBelieve-70","collected","Make Believe_70_collected",1,1,0.312,0.551,0.137,0.412,50971,"2350-21085","Make Believe",70,"dad","MakeBelieve-70",0.213,0.696,0.091,0.439,51890,"2640-97596","Make Believe",70,"mom","MakeBelieve-70","medium"
"CO_83151","2850-57552_2850-57551","2811-83151","Struthers",24,"kid","Struthers-24","1","Struthers_24_1",1,2,0.236,0.704,0.06,0.412,68799,"2850-57552","Struthers",24,"dad","Struthers-24",0.247,0.702,0.051,0.402,64332,"2850-57551","Struthers",24,"mom","Struthers-24","small"
"CO_83149","2850-57552_2850-57551","2811-83149","Struthers",24,"kid","Struthers-24","1","Struthers_24_1",1,2,0.265,0.646,0.089,0.412,66822,"2850-57552","Struthers",24,"dad","Struthers-24",0.258,0.674,0.068,0.405,62502,"2850-57551","Struthers",24,"mom","Struthers-24","small"
"CO_83150","2850-57552_2850-57551","2811-83150","Struthers",24,"kid","Struthers-24","1","Struthers_24_1",1,2,0.252,0.672,0.077,0.413,63967,"2850-57552","Struthers",24,"dad","Struthers-24",0.226,0.702,0.072,0.423,59863,"2850-57551","Struthers",24,"mom","Struthers-24","small"
"CO_83155","2850-57684_2850-57943","2811-83155","Struthers",23,"kid","Struthers-23","1","Struthers_23_1",1,1,0.265,0.632,0.102,0.419,62343,"2850-57684","Struthers",23,"dad","Struthers-23",0.188,0.742,0.07,0.441,67453,"2850-57943","Struthers",23,"mom","Struthers-23","small"
"CO_83156","2850-57684_2850-57943","2811-83156","Struthers",23,"kid","Struthers-23","1","Struthers_23_1",1,1,0.215,0.703,0.082,0.434,67142,"2850-57684","Struthers",23,"dad","Struthers-23",0.157,0.79,0.053,0.448,72649,"2850-57943","Struthers",23,"mom","Struthers-23","small"
"CO_83148","2850-57659_2850-57551","2811-83148","Struthers",24,"kid","Struthers-24","1","Struthers_24_1",1,1,0.16,0.779,0.061,0.451,62393,"2850-57659","Blue Cloud",4,"dad","BlueCloud-04",0.249,0.695,0.056,0.403,64522,"2850-57551","Struthers",24,"mom","Struthers-24","small"
"CO_83177","2850-57552_2850-57551","2811-83177","Struthers",25,"kid","Struthers-24","2","Struthers_25_2",1,1,0.288,0.614,0.098,0.405,57433,"2850-57552","Struthers",24,"dad","Struthers-24",0.297,0.607,0.096,0.399,53789,"2850-57551","Struthers",24,"mom","Struthers-24","small"
"CO_83176","2850-57552_2850-57551","2811-83176","Struthers",25,"kid","Struthers-24","2","Struthers_25_2",1,1,0.266,0.66,0.074,0.404,59836,"2850-57552","Struthers",24,"dad","Struthers-24",0.299,0.592,0.109,0.405,56100,"2850-57551","Struthers",24,"mom","Struthers-24","small"
"CO_83178","2850-57674_2850-57551","2811-83178","Struthers",25,"kid","Struthers-24","2","Struthers_25_2",1,1,0.243,0.671,0.086,0.421,65403,"2850-57674","Struthers",3,"dad","Struthers-03",0.314,0.578,0.107,0.397,59896,"2850-57551","Struthers",24,"mom","Struthers-24","small"
"CO_33805","2850-57765_2850-57629","2881-33805","Urban Farm Girlz",5,"kid","UrbanFarm-05","2","Urban Farm Girlz_5_1",1,1,0.204,0.719,0.077,0.437,62722,"2850-57765","Urban Farm Girlz",8,"dad","UrbanFarm-05",0.211,0.721,0.068,0.429,63905,"2850-57629","Urban Farm Girlz",2,"mom","UrbanFarm-05","small"
"CO_83373","NA_2850-57629","2811-83373","Urban Farm Girlz",8,"kid","UrbanFarm-05","1","Urban Farm Girlz_8_1",1,0,NA,NA,NA,NA,NA,NA,NA,NA,NA,NA,0.209,0.719,0.072,0.432,63300,"2850-57629","Urban Farm Girlz",2,"mom","UrbanFarm-05","small"
"CO_83370","NA_2850-57629","2811-83370","Urban Farm Girlz",8,"kid","UrbanFarm-05","1","Urban Farm Girlz_8_1",1,0,NA,NA,NA,NA,NA,NA,NA,NA,NA,NA,0.216,0.686,0.098,0.441,63712,"2850-57629","Urban Farm Girlz",2,"mom","UrbanFarm-05","small"
"CO_83372","NA_2850-57629","2811-83372","Urban Farm Girlz",8,"kid","UrbanFarm-05","1","Urban Farm Girlz_8_1",1,0,NA,NA,NA,NA,NA,NA,NA,NA,NA,NA,0.241,0.655,0.105,0.432,63282,"2850-57629","Urban Farm Girlz",2,"mom","UrbanFarm-05","small"
"CO_83374","NA_2850-57629","2811-83374","Urban Farm Girlz",8,"kid","UrbanFarm-05","1","Urban Farm Girlz_8_1",1,0,NA,NA,NA,NA,NA,NA,NA,NA,NA,NA,0.186,0.722,0.092,0.453,59144,"2850-57629","Urban Farm Girlz",2,"mom","UrbanFarm-05","small"
"CO_33951","2850-57643_2850-57608","2881-33951","Urban Farm Girlz",7,"kid","UrbanFarm-07","2","Urban Farm Girlz_7_2",1,1,0.199,0.738,0.063,0.432,63559,"2850-57643","Urban Farm Girlz",2,"dad","UrbanFarm-07",0.143,0.806,0.051,0.454,71448,"2850-57608","Urban Farm Girlz",4,"mom","UrbanFarm-07","small"
"CO_33950","2850-57643_2850-57608","2881-33950","Urban Farm Girlz",7,"kid","UrbanFarm-07","2","Urban Farm Girlz_7_2",1,1,0.231,0.691,0.078,0.424,61113,"2850-57643","Urban Farm Girlz",2,"dad","UrbanFarm-07",0.154,0.811,0.035,0.441,68577,"2850-57608","Urban Farm Girlz",4,"mom","UrbanFarm-07","small"
"CO_33947","2850-57643_2850-57608","2881-33947","Urban Farm Girlz",7,"kid","UrbanFarm-07","2","Urban Farm Girlz_7_2",1,1,0.263,0.63,0.107,0.422,56370,"2850-57643","Urban Farm Girlz",2,"dad","UrbanFarm-07",0.184,0.744,0.072,0.444,63315,"2850-57608","Urban Farm Girlz",4,"mom","UrbanFarm-07","small"
"CO_33948","2850-57643_2850-57608","2881-33948","Urban Farm Girlz",7,"kid","UrbanFarm-07","2","Urban Farm Girlz_7_2",1,1,0.209,0.722,0.069,0.43,60040,"2850-57643","Urban Farm Girlz",2,"dad","UrbanFarm-07",0.172,0.766,0.062,0.445,67328,"2850-57608","Urban Farm Girlz",4,"mom","UrbanFarm-07","small"
"CO_83174","2850-57643_2850-57764","2811-83174","Urban Farm Girlz",8.2,"kid","UrbanFarm-08","2","Urban Farm Girlz_8.2_2",1,1,0.229,0.674,0.097,0.434,60603,"2850-57643","Urban Farm Girlz",2,"dad","UrbanFarm-07",0.155,0.795,0.05,0.447,64071,"2850-57764","Urban Farm Girlz",8,"mom","UrbanFarm-08","small"
"CO_83175","2850-57643_2850-57764","2811-83175","Urban Farm Girlz",8.2,"kid","UrbanFarm-08","2","Urban Farm Girlz_8.2_2",1,1,0.228,0.68,0.092,0.432,56386,"2850-57643","Urban Farm Girlz",2,"dad","UrbanFarm-07",0.182,0.72,0.097,0.457,59588,"2850-57764","Urban Farm Girlz",8,"mom","UrbanFarm-08","small"
"CO_83182","NA_2811-06861","2811-83182","Boyer",9.2,"kid","Boyer-09","1","Boyer_9.2_1",1,0,NA,NA,NA,NA,NA,NA,NA,NA,NA,NA,0.196,0.749,0.055,0.43,78033,"2811-06861","Boyer",9,"mom","Boyer-09","medium"
"CO_E138","2850-57518_2850-57938","E138","Make Believe",34,"egg","MakeBelieve-34","collected","Make Believe_34_collected",1,1,0.063,0.919,0.018,0.478,88761,"2850-57518","Make Believe",69,"dad","MakeBelieve-69",0.127,0.843,0.031,0.452,76953,"2850-57938","Make Believe",34,"mom","MakeBelieve-34","medium"
"CO_E139","2850-57518_2850-57938","E139","Make Believe",34,"egg","MakeBelieve-34","collected","Make Believe_34_collected",1,1,0.067,0.917,0.017,0.475,88402,"2850-57518","Make Believe",69,"dad","MakeBelieve-69",0.128,0.841,0.031,0.452,76658,"2850-57938","Make Believe",34,"mom","MakeBelieve-34","medium"
"CO_E160","2850-57518_2850-57941","E160","Make Believe",69,"egg","MakeBelieve-69","collected","Make Believe_69_collected",1,1,0.071,0.91,0.019,0.474,88554,"2850-57518","Make Believe",69,"dad","MakeBelieve-69",0.161,0.794,0.045,0.442,73073,"2850-57941","Make Believe",69,"mom","MakeBelieve-69","medium"
"CO_E157","2850-57518_2850-57941","E157","Make Believe",69,"egg","MakeBelieve-69","collected","Make Believe_69_collected",1,1,0.071,0.906,0.023,0.476,87994,"2850-57518","Make Believe",69,"dad","MakeBelieve-69",0.158,0.798,0.043,0.442,72643,"2850-57941","Make Believe",69,"mom","MakeBelieve-69","medium"
"CO_E158","2850-57518_2850-57941","E158","Make Believe",69,"egg","MakeBelieve-69","collected","Make Believe_69_collected",1,1,0.086,0.892,0.022,0.468,88119,"2850-57518","Make Believe",69,"dad","MakeBelieve-69",0.168,0.787,0.044,0.438,72738,"2850-57941","Make Believe",69,"mom","MakeBelieve-69","medium"
"CO_E159","2850-57518_2850-57941","E159","Make Believe",69,"egg","MakeBelieve-69","collected","Make Believe_69_collected",1,1,0.134,0.816,0.05,0.458,65953,"2850-57518","Make Believe",69,"dad","MakeBelieve-69",0.235,0.695,0.07,0.417,54457,"2850-57941","Make Believe",69,"mom","MakeBelieve-69","medium"
"CO_E161","2850-57518_2850-57941","E161","Make Believe",69,"egg","MakeBelieve-69","collected","Make Believe_69_collected",1,1,0.127,0.846,0.026,0.449,69417,"2850-57518","Make Believe",69,"dad","MakeBelieve-69",0.201,0.735,0.064,0.432,57398,"2850-57941","Make Believe",69,"mom","MakeBelieve-69","medium"
"CO_E088","2850-57574_2850-57575","E088","Cooks",4,"egg","Cooks-04","collected","Cooks_4_collected",1,1,0.136,0.82,0.044,0.454,74589,"2850-57574","Cooks",2,"dad","Cooks-02",0.119,0.861,0.02,0.45,77064,"2850-57575","Cooks",4,"mom","Cooks-04","medium"
"CO_E086","2850-57574_2850-57575","E086","Cooks",4,"egg","Cooks-04","collected","Cooks_4_collected",1,1,0.159,0.801,0.04,0.44,74257,"2850-57574","Cooks",2,"dad","Cooks-02",0.611,0,0.389,0.389,76721,"2850-57575","Cooks",4,"mom","Cooks-04","medium"
"CO_E087","2850-57574_2850-57575","E087","Cooks",4,"egg","Cooks-04","collected","Cooks_4_collected",1,1,0.337,0.428,0.234,0.448,27511,"2850-57574","Cooks",2,"dad","Cooks-02",0.301,0.577,0.122,0.411,28502,"2850-57575","Cooks",4,"mom","Cooks-04","medium"
"CO_E114","2850-57574_2850-57931","E114","Cooks",2,"egg","Cooks-02","collected","Cooks_2_collected",1,1,0.204,0.726,0.07,0.433,61848,"2850-57574","Cooks",2,"dad","Cooks-02",0.226,0.691,0.083,0.429,67617,"2850-57931","Cooks",2,"mom","Cooks-02","medium"
"CO_E115","2850-57574_2850-57931","E115","Cooks",2,"egg","Cooks-02","collected","Cooks_2_collected",1,1,0.255,0.622,0.123,0.434,54511,"2850-57574","Cooks",2,"dad","Cooks-02",0.259,0.621,0.12,0.43,59576,"2850-57931","Cooks",2,"mom","Cooks-02","medium"
"CO_E113","2850-57574_2850-57931","E113","Cooks",2,"egg","Cooks-02","collected","Cooks_2_collected",1,1,0.218,0.685,0.098,0.44,55493,"2850-57574","Cooks",2,"dad","Cooks-02",0.241,0.674,0.085,0.422,60836,"2850-57931","Cooks",2,"mom","Cooks-02","medium"
"CO_E085","2850-57642_2850-57575","E085","Cooks",4,"egg","Cooks-04","collected","Cooks_4_collected",1,1,0.222,0.699,0.08,0.429,61000,"2850-57642","Cooks",4,"dad","Cooks-04",0.22,0.695,0.085,0.433,59841,"2850-57575","Cooks",4,"mom","Cooks-04","medium"
"CO_E089","2850-57642_2850-57575","E089","Cooks",4,"egg","Cooks-04","collected","Cooks_4_collected",1,1,0.206,0.715,0.079,0.436,60072,"2850-57642","Cooks",4,"dad","Cooks-04",0.197,0.732,0.071,0.437,58997,"2850-57575","Cooks",4,"mom","Cooks-04","medium"
"CO_E111","2850-57638_2850-57931","E111","Cooks",2,"egg","Cooks-02","collected","Cooks_2_collected",1,1,0.189,0.732,0.079,0.445,60127,"2850-57638","Cooks",29,"dad","Cooks-29",0.237,0.678,0.085,0.424,63011,"2850-57931","Cooks",2,"mom","Cooks-02","medium"
"CO_E112","2850-57638_2850-57931","E112","Cooks",2,"egg","Cooks-02","collected","Cooks_2_collected",1,1,0.17,0.757,0.073,0.451,60595,"2850-57638","Cooks",29,"dad","Cooks-29",0.23,0.693,0.077,0.423,63488,"2850-57931","Cooks",2,"mom","Cooks-02","medium"
"CO_83152","2850-57674_2850-57683","2811-83152","Struthers",3,"kid","Struthers-03","1","Struthers_3_1",1,1,0.133,0.833,0.034,0.451,78224,"2850-57674","Struthers",3,"dad","Struthers-03",0.147,0.806,0.046,0.449,74887,"2850-57683","Struthers",3,"mom","Struthers-03","small"
"CO_83154","2850-57674_2850-57683","2811-83154","Struthers",3,"kid","Struthers-03","1","Struthers_3_1",1,1,0.202,0.713,0.085,0.441,65560,"2850-57674","Struthers",3,"dad","Struthers-03",0.214,0.712,0.074,0.43,62753,"2850-57683","Struthers",3,"mom","Struthers-03","small"
"CO_83153","2850-57674_2850-57683","2811-83153","Struthers",3,"kid","Struthers-03","1","Struthers_3_1",1,1,0.146,0.81,0.045,0.449,70088,"2850-57674","Struthers",3,"dad","Struthers-03",0.171,0.776,0.053,0.441,66978,"2850-57683","Struthers",3,"mom","Struthers-03","small"
"CO_83173","NA_2850-57764","2811-83173","Urban Farm Girlz",8.2,"kid","UrbanFarm-08","2","Urban Farm Girlz_8.2_2",1,0,NA,NA,NA,NA,NA,NA,NA,NA,NA,NA,0.179,0.734,0.087,0.454,64322,"2850-57764","Urban Farm Girlz",8,"mom","UrbanFarm-08","small"
"CO_33722","NA_2850-57771","2881-33722","Cooks",4.2,"kid","Cooks-04.2","1","Cooks_4.2_1",1,0,NA,NA,NA,NA,NA,NA,NA,NA,NA,NA,0.219,0.697,0.084,0.433,70895,"2850-57771","Cooks",4.2,"mom","Cooks-04.2","medium"
"CO_E132","2850-57877_2870-65019","E132","Make Believe",17,"egg","MakeBelieve-17","collected","Make Believe_17_collected",1,1,0.171,0.772,0.057,0.443,74785,"2850-57877","Make Believe",31,"dad","MakeBelieve-31",0.105,0.868,0.028,0.462,74656,"2870-65019","Make Believe",17,"mom","MakeBelieve-17","medium"
"CO_E129","NA_2850-57932","E129","Cooks",18,"egg","Cooks-18","collected","Cooks_18_collected",1,0,NA,NA,NA,NA,NA,NA,NA,NA,NA,NA,0.145,0.796,0.058,0.456,75882,"2850-57932","Cooks",18,"mom","Cooks-18","medium"
"CO_E130","NA_2850-57932","E130","Cooks",18,"egg","Cooks-18","collected","Cooks_18_collected",1,0,NA,NA,NA,NA,NA,NA,NA,NA,NA,NA,0.159,0.78,0.061,0.451,74415,"2850-57932","Cooks",18,"mom","Cooks-18","medium"
"CO_E131","NA_2850-57932","E131","Cooks",18,"egg","Cooks-18","collected","Cooks_18_collected",1,0,NA,NA,NA,NA,NA,NA,NA,NA,NA,NA,0.138,0.823,0.04,0.451,75452,"2850-57932","Cooks",18,"mom","Cooks-18","medium"
"CO_E128","NA_2850-57932","E128","Cooks",18,"egg","Cooks-18","collected","Cooks_18_collected",1,0,NA,NA,NA,NA,NA,NA,NA,NA,NA,NA,0.212,0.709,0.079,0.434,61178,"2850-57932","Cooks",18,"mom","Cooks-18","medium"
"CO_E145","2870-65016_2850-57934","E145","Boyer",3,"egg","Boyer-03","collected","Boyer_3_collected",1,1,0.201,0.73,0.069,0.434,59710,"2870-65016","Boyer",3,"dad","Boyer-03",0.239,0.657,0.104,0.433,53068,"2850-57934","Boyer",3,"mom","Boyer-03","medium"
"CO_E147","2870-65016_2850-57934","E147","Boyer",3,"egg","Boyer-03","collected","Boyer_3_collected",1,1,0.155,0.804,0.041,0.443,78552,"2870-65016","Boyer",3,"dad","Boyer-03",0.173,0.785,0.042,0.434,69756,"2850-57934","Boyer",3,"mom","Boyer-03","medium"
"CO_E146","2870-65016_2850-57934","E146","Boyer",3,"egg","Boyer-03","collected","Boyer_3_collected",1,1,0.147,0.817,0.036,0.444,78504,"2870-65016","Boyer",3,"dad","Boyer-03",0.169,0.773,0.057,0.444,69737,"2850-57934","Boyer",3,"mom","Boyer-03","medium"
"CO_E144","2870-65016_2850-57934","E144","Boyer",3,"egg","Boyer-03","collected","Boyer_3_collected",1,1,0.145,0.824,0.032,0.444,79620,"2870-65016","Boyer",3,"dad","Boyer-03",0.127,0.84,0.033,0.453,70697,"2850-57934","Boyer",3,"mom","Boyer-03","medium"
"CO_83477","2850-57935_2870-65015","2811-83477","Boyer",14.2,"kid","Boyer-14","1","Boyer_14.2_1",1,1,0.164,0.77,0.065,0.451,65640,"2850-57935","Boyer",14,"dad","Boyer-14",0.115,0.823,0.062,0.473,71691,"2870-65015","Boyer",14,"mom","Boyer-14","medium"
"CO_83478","2850-57935_2870-65015","2811-83478","Boyer",14.2,"kid","Boyer-14","1","Boyer_14.2_1",1,1,0.22,0.687,0.093,0.436,59853,"2850-57935","Boyer",14,"dad","Boyer-14",0.134,0.816,0.049,0.458,65453,"2870-65015","Boyer",14,"mom","Boyer-14","medium"
"CO_E140","2850-57935_2870-65015","E140","Boyer",14,"egg","Boyer-14","collected","Boyer_14_collected",1,1,0.153,0.802,0.045,0.446,75653,"2850-57935","Boyer",14,"dad","Boyer-14",0.098,0.871,0.03,0.466,82551,"2870-65015","Boyer",14,"mom","Boyer-14","medium"
"CO_E141","2850-57935_2870-65015","E141","Boyer",14,"egg","Boyer-14","collected","Boyer_14_collected",1,1,0.185,0.754,0.062,0.438,63615,"2850-57935","Boyer",14,"dad","Boyer-14",0.145,0.81,0.044,0.45,69404,"2870-65015","Boyer",14,"mom","Boyer-14","medium"
"CO_E142","2850-57935_2870-65015","E142","Boyer",14,"egg","Boyer-14","collected","Boyer_14_collected",1,1,0.252,0.638,0.11,0.429,55598,"2850-57935","Boyer",14,"dad","Boyer-14",0.188,0.735,0.077,0.445,60570,"2870-65015","Boyer",14,"mom","Boyer-14","medium"
"CO_E143","2850-57935_2870-65015","E143","Boyer",14,"egg","Boyer-14","collected","Boyer_14_collected",1,1,0.175,0.763,0.062,0.443,62143,"2850-57935","Boyer",14,"dad","Boyer-14",0.16,0.779,0.061,0.451,67903,"2870-65015","Boyer",14,"mom","Boyer-14","medium"
"CO_E134","2850-57937_2850-57939","E134","Make Believe",74,"egg","MakeBelieve-74","collected","Make Believe_74_collected",1,1,0.151,0.797,0.052,0.45,75442,"2850-57937","Make Believe",74,"dad","MakeBelieve-74",0.14,0.837,0.023,0.441,76382,"2850-57939","Make Believe",74,"mom","MakeBelieve-74","medium"
"CO_E135","2850-57937_2850-57939","E135","Make Believe",74,"egg","MakeBelieve-74","collected","Make Believe_74_collected",1,1,0.162,0.811,0.027,0.432,73862,"2850-57937","Make Believe",74,"dad","MakeBelieve-74",0.143,0.817,0.04,0.448,74759,"2850-57939","Make Believe",74,"mom","MakeBelieve-74","medium"
"CO_E133","2850-57937_2850-57939","E133","Make Believe",74,"egg","MakeBelieve-74","collected","Make Believe_74_collected",1,1,0.208,0.743,0.049,0.42,55722,"2850-57937","Make Believe",74,"dad","MakeBelieve-74",0.289,0.59,0.12,0.415,56410,"2850-57939","Make Believe",74,"mom","MakeBelieve-74","medium"
"CO_33813","2850-57937_2850-57939","2881-33813","Make Believe",8,"kid","MakeBelieve-74","2","Make Believe_8_2",1,1,0.248,0.694,0.058,0.405,58370,"2850-57937","Make Believe",74,"dad","MakeBelieve-74",0.295,0.599,0.107,0.406,59047,"2850-57939","Make Believe",74,"mom","MakeBelieve-74","medium"
"CO_E136","2850-57937_2850-57939","E136","Make Believe",74,"egg","MakeBelieve-74","collected","Make Believe_74_collected",1,1,0.269,0.615,0.116,0.423,57336,"2850-57937","Make Believe",74,"dad","MakeBelieve-74",0.226,0.687,0.087,0.431,57938,"2850-57939","Make Believe",74,"mom","MakeBelieve-74","medium"
"CO_E137","NA_2850-57938","E137","Make Believe",34,"egg","MakeBelieve-34","collected","Make Believe_34_collected",1,0,NA,NA,NA,NA,NA,NA,NA,NA,NA,NA,0.203,0.704,0.094,0.445,54739,"2850-57938","Make Believe",34,"mom","MakeBelieve-34","medium"
"CO_83159","2850-57944_2850-57945","2811-83159","Plumbumpy",1,"kid","Plum-01","1","Plumbumpy_1_1",1,1,0.596,0.001,0.404,0.404,65735,"2850-57944","Plumbumpy",1,"dad","Plum-01",0.206,0.715,0.079,0.436,64245,"2850-57945","Plumbumpy",1,"mom","Plum-01","solitary"
"CO_83160","2850-57944_2850-57945","2811-83160","Plumbumpy",1,"kid","Plum-01","1","Plumbumpy_1_1",1,1,0.188,0.75,0.062,0.437,70177,"2850-57944","Plumbumpy",1,"dad","Plum-01",0.167,0.761,0.072,0.453,68500,"2850-57945","Plumbumpy",1,"mom","Plum-01","solitary"
"CO_83157","2850-57944_2850-57945","2811-83157","Plumbumpy",1,"kid","Plum-01","1","Plumbumpy_1_1",1,1,0.181,0.738,0.08,0.45,69537,"2850-57944","Plumbumpy",1,"dad","Plum-01",0.156,0.799,0.046,0.445,67917,"2850-57945","Plumbumpy",1,"mom","Plum-01","solitary"
"CO_83161","2850-57944_2850-57945","2811-83161","Plumbumpy",1,"kid","Plum-01","1","Plumbumpy_1_1",1,1,0.188,0.736,0.076,0.444,61930,"2850-57944","Plumbumpy",1,"dad","Plum-01",0.196,0.735,0.069,0.437,60442,"2850-57945","Plumbumpy",1,"mom","Plum-01","solitary"
"CO_83158","2850-57944_2850-57945","2811-83158","Plumbumpy",1,"kid","Plum-01","1","Plumbumpy_1_1",1,1,0.155,0.775,0.069,0.457,62602,"2850-57944","Plumbumpy",1,"dad","Plum-01",0.19,0.748,0.063,0.437,61047,"2850-57945","Plumbumpy",1,"mom","Plum-01","solitary"
"CO_83195","2850-57947_2850-57946","2811-83195","Blue Cloud",1,"kid","Nixon-01","1","Blue Cloud_1_1",1,1,0.205,0.699,0.096,0.445,63335,"2850-57947","Blue Cloud",28,"dad","Nixon-01",0.187,0.73,0.083,0.448,62098,"2850-57946","Blue Cloud",28,"mom","Nixon-01","medium"
"CO_83193","2850-57947_2850-57946","2811-83193","Blue Cloud",1,"kid","Nixon-01","1","Blue Cloud_1_1",1,1,0.19,0.716,0.094,0.452,62212,"2850-57947","Blue Cloud",28,"dad","Nixon-01",0.233,0.64,0.127,0.447,60971,"2850-57946","Blue Cloud",28,"mom","Nixon-01","medium"
"CO_83194","2850-57947_2850-57946","2811-83194","Blue Cloud",1,"kid","Nixon-01","1","Blue Cloud_1_1",1,1,0.179,0.742,0.079,0.45,61858,"2850-57947","Blue Cloud",28,"dad","Nixon-01",0.161,0.755,0.084,0.462,60792,"2850-57946","Blue Cloud",28,"mom","Nixon-01","medium"
"CO_83196","2850-57947_2850-57946","2811-83196","Blue Cloud",1,"kid","Nixon-01","1","Blue Cloud_1_1",1,1,0.182,0.719,0.099,0.458,63800,"2850-57947","Blue Cloud",28,"dad","Nixon-01",0.192,0.73,0.078,0.443,62602,"2850-57946","Blue Cloud",28,"mom","Nixon-01","medium"
"CO_83192","2850-57949_2850-57950","2811-83192","Speedwell",1.2,"kid","Speedwell-01","2","Speedwell_1.2_2",1,1,0.167,0.779,0.054,0.444,67665,"2850-57949","Speedwell",1,"dad","Speedwell-01",0.182,0.751,0.067,0.443,65644,"2850-57950","Speedwell",1,"mom","Speedwell-01","solitary"
"CO_83190","2850-57949_2850-57950","2811-83190","Speedwell",1.2,"kid","Speedwell-01","2","Speedwell_1.2_2",1,1,0.158,0.774,0.068,0.455,63151,"2850-57949","Speedwell",1,"dad","Speedwell-01",0.196,0.732,0.071,0.438,61274,"2850-57950","Speedwell",1,"mom","Speedwell-01","solitary"
"CO_83191","2850-57949_2850-57950","2811-83191","Speedwell",1.2,"kid","Speedwell-01","2","Speedwell_1.2_2",1,1,0.191,0.717,0.091,0.45,65286,"2850-57949","Speedwell",1,"dad","Speedwell-01",0.163,0.781,0.056,0.447,63298,"2850-57950","Speedwell",1,"mom","Speedwell-01","solitary"
"CO_83163","2850-57953_2850-57954","2811-83163","Cathys",1,"kid","Cathys-01","1","Cathys_1_1",1,1,0.184,0.763,0.053,0.435,62584,"2850-57953","Cathys",1,"dad","Cathys-01",0.22,0.687,0.093,0.437,55970,"2850-57954","Cathys",1,"mom","Cathys-01","solitary"
"CO_83165","2850-57953_2850-57954","2811-83165","Cathys",1,"kid","Cathys-01","1","Cathys_1_1",1,1,0.184,0.77,0.046,0.431,77344,"2850-57953","Cathys",1,"dad","Cathys-01",0.17,0.743,0.087,0.458,69149,"2850-57954","Cathys",1,"mom","Cathys-01","solitary"
"CO_83162","2850-57953_2850-57954","2811-83162","Cathys",1,"kid","Cathys-01","1","Cathys_1_1",1,1,0.203,0.735,0.062,0.429,70743,"2850-57953","Cathys",1,"dad","Cathys-01",0.188,0.711,0.101,0.457,63227,"2850-57954","Cathys",1,"mom","Cathys-01","solitary"
"CO_83188","2850-57953_2850-57954","2811-83188","Cathys",2,"kid","Cathys-01","2","Cathys_2_2",1,1,0.198,0.75,0.053,0.427,75051,"2850-57953","Cathys",1,"dad","Cathys-01",0.18,0.749,0.071,0.445,67052,"2850-57954","Cathys",1,"mom","Cathys-01","solitary"
"CO_83164","2850-57953_2850-57954","2811-83164","Cathys",1,"kid","Cathys-01","1","Cathys_1_1",1,1,0.174,0.759,0.067,0.446,73902,"2850-57953","Cathys",1,"dad","Cathys-01",0.165,0.793,0.042,0.439,66131,"2850-57954","Cathys",1,"mom","Cathys-01","solitary"
"CO_83189","2850-57953_2850-57954","2811-83189","Cathys",2,"kid","Cathys-01","2","Cathys_2_2",1,1,0.207,0.729,0.064,0.428,70007,"2850-57953","Cathys",1,"dad","Cathys-01",0.208,0.707,0.085,0.439,62643,"2850-57954","Cathys",1,"mom","Cathys-01","solitary"
"CO_E149","2870-65014_2850-57687","E149","Boyer",2,"egg","Boyer-02","collected","Boyer_2_collected",1,1,0.14,0.817,0.043,0.451,75379,"2870-65014","Boyer",2,"dad","Boyer-02",0.183,0.769,0.048,0.432,82419,"2850-57687","Boyer",2,"mom","Boyer-02","medium"
"CO_E151","2870-65014_2850-57687","E151","Boyer",2,"egg","Boyer-02","collected","Boyer_2_collected",1,1,0.159,0.771,0.069,0.455,59488,"2870-65014","Boyer",2,"dad","Boyer-02",0.252,0.67,0.078,0.413,64909,"2850-57687","Boyer",2,"mom","Boyer-02","medium"
"CO_33719","NA_2850-57687","2881-33719","Boyer",2.3,"kid","Boyer-02","2","Boyer_2.3_2",1,0,NA,NA,NA,NA,NA,NA,NA,NA,NA,NA,0.215,0.717,0.068,0.426,74098,"2850-57687","Boyer",2,"mom","Boyer-02","medium"
"CO_33720","NA_2850-57687","2881-33720","Boyer",2.3,"kid","Boyer-02","2","Boyer_2.3_2",1,0,NA,NA,NA,NA,NA,NA,NA,NA,NA,NA,0.197,0.748,0.054,0.429,72312,"2850-57687","Boyer",2,"mom","Boyer-02","medium"
"CO_33721","NA_2850-57687","2881-33721","Boyer",2.3,"kid","Boyer-02","2","Boyer_2.3_2",1,0,NA,NA,NA,NA,NA,NA,NA,NA,NA,NA,0.183,0.771,0.047,0.432,77464,"2850-57687","Boyer",2,"mom","Boyer-02","medium"
"CO_33723","NA_2850-57771","2881-33723","Cooks",4.2,"kid","Cooks-04.2","1","Cooks_4.2_1",1,0,NA,NA,NA,NA,NA,NA,NA,NA,NA,NA,0.181,0.756,0.063,0.441,66355,"2850-57771","Cooks",4.2,"mom","Cooks-04.2","medium"
"CO_33724","2850-57772_2850-57771","2881-33724","Cooks",4.2,"kid","Cooks-04.2","1","Cooks_4.2_1",1,1,0.169,0.746,0.085,0.458,64802,"2850-57772","Cooks",2.2,"dad","Cooks-02.2",0.205,0.71,0.085,0.44,64428,"2850-57771","Cooks",4.2,"mom","Cooks-04.2","medium"
"CO_33725","2850-57642_2850-57575","2881-33725","Cooks",36.2,"kid","Cooks-04","2","Cooks_36.2_2",1,1,0.199,0.726,0.075,0.438,63472,"2850-57642","Cooks",4,"dad","Cooks-04",0.211,0.705,0.083,0.436,62368,"2850-57575","Cooks",4,"mom","Cooks-04","medium"
"CO_33726","NA_2850-57575","2881-33726","Cooks",36.2,"kid","Cooks-04","2","Cooks_36.2_2",1,0,NA,NA,NA,NA,NA,NA,NA,NA,NA,NA,0.169,0.76,0.071,0.451,64903,"2850-57575","Cooks",4,"mom","Cooks-04","medium"
"CO_33727","NA_2850-57575","2881-33727","Cooks",36.2,"kid","Cooks-04","2","Cooks_36.2_2",1,0,NA,NA,NA,NA,NA,NA,NA,NA,NA,NA,0.193,0.729,0.078,0.442,63991,"2850-57575","Cooks",4,"mom","Cooks-04","medium"
"CO_33728","2850-57642_2850-57575","2881-33728","Cooks",36.2,"kid","Cooks-04","2","Cooks_36.2_2",1,1,0.195,0.744,0.061,0.433,67294,"2850-57642","Cooks",4,"dad","Cooks-04",0.176,0.781,0.043,0.433,66071,"2850-57575","Cooks",4,"mom","Cooks-04","medium"
"CO_33802","NA_2850-57948","2881-33802","Cooks",17.2,"kid","Cooks-15","2","Cooks_17.2_2",1,0,NA,NA,NA,NA,NA,NA,NA,NA,NA,NA,0.18,0.748,0.072,0.446,64358,"2850-57948","Cooks",15,"mom","Cooks-15","medium"
"CO_33803","NA_2850-57948","2881-33803","Cooks",17.2,"kid","Cooks-15","2","Cooks_17.2_2",1,0,NA,NA,NA,NA,NA,NA,NA,NA,NA,NA,0.157,0.787,0.057,0.45,62007,"2850-57948","Cooks",15,"mom","Cooks-15","medium"
"CO_33804","NA_2850-57948","2881-33804","Cooks",17.2,"kid","Cooks-15","2","Cooks_17.2_2",1,0,NA,NA,NA,NA,NA,NA,NA,NA,NA,NA,0.164,0.762,0.074,0.455,71335,"2850-57948","Cooks",15,"mom","Cooks-15","medium"
"CO_33806","2850-57953_2850-57934","2881-33806","Boyer",4,"kid","Boyer-03","2","Boyer_4_2",1,1,0.196,0.728,0.075,0.44,65052,"2850-57953","Cathys",1,"dad","Cathys-01",0.167,0.755,0.077,0.455,55283,"2850-57934","Boyer",3,"mom","Boyer-03","medium"
"CO_33807","2850-57953_2850-57934","2881-33807","Boyer",4,"kid","Boyer-03","2","Boyer_4_2",1,1,0.173,0.78,0.046,0.437,75557,"2850-57953","Cathys",1,"dad","Cathys-01",0.187,0.746,0.067,0.44,64175,"2850-57934","Boyer",3,"mom","Boyer-03","medium"
"CO_33808","2850-57953_2850-57934","2881-33808","Boyer",4,"kid","Boyer-03","2","Boyer_4_2",1,1,0.196,0.734,0.07,0.437,71625,"2850-57953","Cathys",1,"dad","Cathys-01",0.198,0.715,0.087,0.444,60817,"2850-57934","Boyer",3,"mom","Boyer-03","medium"
"CO_33812","2850-57937_2850-57939","2881-33812","Make Believe",8,"kid","MakeBelieve-74","2","Make Believe_8_2",1,1,0.152,0.813,0.036,0.442,71897,"2850-57937","Make Believe",74,"dad","MakeBelieve-74",0.139,0.831,0.03,0.445,72752,"2850-57939","Make Believe",74,"mom","MakeBelieve-74","medium"
"CO_33814","2850-57937_2850-57939","2881-33814","Make Believe",8,"kid","MakeBelieve-74","2","Make Believe_8_2",1,1,0.196,0.745,0.059,0.432,62340,"2850-57937","Make Believe",74,"dad","MakeBelieve-74",0.199,0.72,0.081,0.441,63190,"2850-57939","Make Believe",74,"mom","MakeBelieve-74","medium"
"CO_33815","2850-57937_2850-57939","2881-33815","Make Believe",8,"kid","MakeBelieve-74","2","Make Believe_8_2",1,1,0.21,0.718,0.072,0.431,63957,"2850-57937","Make Believe",74,"dad","MakeBelieve-74",0.2,0.747,0.053,0.427,64639,"2850-57939","Make Believe",74,"mom","MakeBelieve-74","medium"
"CO_33816","2850-57937_2850-57939","2881-33816","Make Believe",8,"kid","MakeBelieve-74","2","Make Believe_8_2",1,1,0.215,0.686,0.099,0.442,59808,"2850-57937","Make Believe",74,"dad","MakeBelieve-74",0.215,0.706,0.079,0.432,60474,"2850-57939","Make Believe",74,"mom","MakeBelieve-74","medium"
"CO_33817","2870-65016_2850-57685","2881-33817","Boyer",16,"kid","Boyer-05","2","Boyer_16_2",1,1,0.196,0.745,0.059,0.431,65263,"2870-65016","Boyer",3,"dad","Boyer-03",0.178,0.752,0.07,0.446,64476,"2850-57685","Boyer",13,"mom","Boyer-05","medium"
"CO_33818","NA_2850-57685","2881-33818","Boyer",16,"kid","Boyer-05","2","Boyer_16_2",1,0,NA,NA,NA,NA,NA,NA,NA,NA,NA,NA,0.19,0.728,0.081,0.445,63186,"2850-57685","Boyer",13,"mom","Boyer-05","medium"
"CO_33901","2850-57614_2850-57871","2881-33901","Blue Cloud",14,"kid","BlueCloud-22","1","Blue Cloud_14_1",1,1,0.232,0.665,0.103,0.436,61299,"2850-57614","Blue Cloud",22,"dad","BlueCloud-22",0.194,0.729,0.076,0.441,61267,"2850-57871","Blue Cloud",22,"mom","BlueCloud-22","medium"
"CO_33902","2850-57614_2850-57871","2881-33902","Blue Cloud",14,"kid","BlueCloud-22","1","Blue Cloud_14_1",1,1,0.195,0.726,0.079,0.442,59669,"2850-57614","Blue Cloud",22,"dad","BlueCloud-22",0.168,0.766,0.066,0.449,59624,"2850-57871","Blue Cloud",22,"mom","BlueCloud-22","medium"
"CO_33903","2870-65016_2850-57934","2881-33903","Boyer",3.2,"kid","Boyer-03","1","Boyer_3.2_1",1,1,0.17,0.777,0.053,0.442,70542,"2870-65016","Boyer",3,"dad","Boyer-03",0.182,0.763,0.056,0.437,62680,"2850-57934","Boyer",3,"mom","Boyer-03","medium"
"CO_33904","NA_2850-57934","2881-33904","Boyer",3.2,"kid","Boyer-03","1","Boyer_3.2_1",1,0,NA,NA,NA,NA,NA,NA,NA,NA,NA,NA,0.156,0.787,0.057,0.45,65515,"2850-57934","Boyer",3,"mom","Boyer-03","medium"
"CO_33905","NA_2850-57934","2881-33905","Boyer",3.2,"kid","Boyer-03","1","Boyer_3.2_1",1,0,NA,NA,NA,NA,NA,NA,NA,NA,NA,NA,0.202,0.72,0.078,0.438,50788,"2850-57934","Boyer",3,"mom","Boyer-03","medium"
"CO_33906","2811-83118_2850-57948","2881-33906","Cooks",17,"kid","Cooks-15","1","Cooks_17_1",1,1,0.163,0.759,0.078,0.457,64647,"2811-83118","Cooks",15,"dad","Cooks-15",0.187,0.743,0.07,0.441,63364,"2850-57948","Cooks",15,"mom","Cooks-15","medium"
"CO_33907","2811-83118_2850-57948","2881-33907","Cooks",17,"kid","Cooks-15","1","Cooks_17_1",1,1,0.17,0.755,0.075,0.452,60438,"2811-83118","Cooks",15,"dad","Cooks-15",0.2,0.722,0.078,0.439,59162,"2850-57948","Cooks",15,"mom","Cooks-15","medium"
"CO_33908","2811-83118_2850-57948","2881-33908","Cooks",17,"kid","Cooks-15","1","Cooks_17_1",1,1,0.148,0.783,0.07,0.461,64230,"2811-83118","Cooks",15,"dad","Cooks-15",0.189,0.721,0.09,0.45,62915,"2850-57948","Cooks",15,"mom","Cooks-15","medium"
"CO_33909","NA_2850-57948","2881-33909","Cooks",17,"kid","Cooks-15","1","Cooks_17_1",1,0,NA,NA,NA,NA,NA,NA,NA,NA,NA,NA,0.184,0.747,0.069,0.443,65665,"2850-57948","Cooks",15,"mom","Cooks-15","medium"
"CO_33910","2811-83118_2850-57948","2881-33910","Cooks",17,"kid","Cooks-15","1","Cooks_17_1",1,1,0.098,0.891,0.011,0.456,69563,"2811-83118","Cooks",15,"dad","Cooks-15",0.165,0.764,0.071,0.453,68020,"2850-57948","Cooks",15,"mom","Cooks-15","medium"
"CO_33911","2850-57642_2850-57575","2881-33911","Cooks",36,"kid","Cooks-04","1","Cooks_36_1",1,1,0.156,0.818,0.026,0.435,66152,"2850-57642","Cooks",4,"dad","Cooks-04",0.193,0.741,0.066,0.436,65056,"2850-57575","Cooks",4,"mom","Cooks-04","medium"
"CO_33912","2850-57642_2850-57575","2881-33912","Cooks",36,"kid","Cooks-04","1","Cooks_36_1",1,1,0.186,0.766,0.048,0.431,67511,"2850-57642","Cooks",4,"dad","Cooks-04",0.188,0.743,0.069,0.44,66296,"2850-57575","Cooks",4,"mom","Cooks-04","medium"
"CO_33913","2850-57642_2850-57575","2881-33913","Cooks",36,"kid","Cooks-04","1","Cooks_36_1",1,1,0.173,0.774,0.053,0.44,65777,"2850-57642","Cooks",4,"dad","Cooks-04",0.169,0.79,0.04,0.435,64643,"2850-57575","Cooks",4,"mom","Cooks-04","medium"
"CO_33914","2850-57642_2850-57575","2881-33914","Cooks",36,"kid","Cooks-04","1","Cooks_36_1",1,1,0.204,0.718,0.077,0.437,59682,"2850-57642","Cooks",4,"dad","Cooks-04",0.201,0.729,0.07,0.434,58632,"2850-57575","Cooks",4,"mom","Cooks-04","medium"
"CO_33915","2850-57642_2850-57575","2881-33915","Cooks",36,"kid","Cooks-04","1","Cooks_36_1",1,1,0.176,0.769,0.056,0.44,68796,"2850-57642","Cooks",4,"dad","Cooks-04",0.207,0.73,0.062,0.428,67581,"2850-57575","Cooks",4,"mom","Cooks-04","medium"
"CO_33916","NA_2850-57869","2881-33916","Blue Cloud",18.2,"kid","BlueCloud-18","1","Blue Cloud_18.2_1",1,0,NA,NA,NA,NA,NA,NA,NA,NA,NA,NA,0.147,0.801,0.052,0.452,64765,"2850-57869","Blue Cloud",18,"mom","BlueCloud-18","medium"
"CO_33917","NA_2850-57869","2881-33917","Blue Cloud",18.2,"kid","BlueCloud-18","1","Blue Cloud_18.2_1",1,0,NA,NA,NA,NA,NA,NA,NA,NA,NA,NA,0.15,0.781,0.069,0.46,66848,"2850-57869","Blue Cloud",18,"mom","BlueCloud-18","medium"
"CO_33918","NA_2850-57869","2881-33918","Blue Cloud",18.2,"kid","BlueCloud-18","1","Blue Cloud_18.2_1",1,0,NA,NA,NA,NA,NA,NA,NA,NA,NA,NA,0.134,0.808,0.058,0.462,71425,"2850-57869","Blue Cloud",18,"mom","BlueCloud-18","medium"
"CO_33919","NA_2850-57869","2881-33919","Blue Cloud",18.2,"kid","BlueCloud-18","1","Blue Cloud_18.2_1",1,0,NA,NA,NA,NA,NA,NA,NA,NA,NA,NA,0.16,0.767,0.073,0.457,62046,"2850-57869","Blue Cloud",18,"mom","BlueCloud-18","medium"
"CO_33920","2850-57977_2850-57978","2881-33920","Red Wagon",1,"kid","RedWagon-01","1","Red Wagon_1_1",1,1,0.171,0.744,0.085,0.457,62965,"2850-57977","Red Wagon",1,"dad","RedWagon-01",0.213,0.686,0.101,0.444,58075,"2850-57978","Red Wagon",1,"mom","RedWagon-01","solitary"
"CO_33921","NA_2850-57939","2881-33921","Make Believe",74.2,"kid","MakeBelieve-74","1","Make Believe_74.2_1",1,0,NA,NA,NA,NA,NA,NA,NA,NA,NA,NA,0.188,0.745,0.067,0.439,63159,"2850-57939","Make Believe",74,"mom","MakeBelieve-74","medium"
"CO_33922","2850-57937_2850-57939","2881-33922","Make Believe",74.2,"kid","MakeBelieve-74","1","Make Believe_74.2_1",1,1,0.165,0.793,0.042,0.438,67137,"2850-57937","Make Believe",74,"dad","MakeBelieve-74",0.175,0.774,0.051,0.438,67923,"2850-57939","Make Believe",74,"mom","MakeBelieve-74","medium"
"CO_33923","2850-57937_2850-57939","2881-33923","Make Believe",74.2,"kid","MakeBelieve-74","1","Make Believe_74.2_1",1,1,0.227,0.69,0.082,0.427,59937,"2850-57937","Make Believe",74,"dad","MakeBelieve-74",0.221,0.706,0.073,0.426,60770,"2850-57939","Make Believe",74,"mom","MakeBelieve-74","medium"
"CO_33924","NA_2850-57939","2881-33924","Make Believe",74.2,"kid","MakeBelieve-74","1","Make Believe_74.2_1",1,0,NA,NA,NA,NA,NA,NA,NA,NA,NA,NA,0.193,0.752,0.055,0.431,69225,"2850-57939","Make Believe",74,"mom","MakeBelieve-74","medium"
"CO_33925","2870-65014_2850-57687","2881-33925","Boyer",2.2,"kid","Boyer-02","1","Boyer_2.2_1",1,1,0.134,0.831,0.036,0.451,73612,"2870-65014","Boyer",2,"dad","Boyer-02",0.18,0.767,0.053,0.436,80435,"2850-57687","Boyer",2,"mom","Boyer-02","medium"
"CO_33937","2850-57518_2850-57941","2881-33937","Make Believe",72,"kid","MakeBelieve-69","1","Make Believe_72_1",1,1,0.116,0.837,0.047,0.465,74555,"2850-57518","Make Believe",69,"dad","MakeBelieve-69",0.221,0.705,0.074,0.427,61636,"2850-57941","Make Believe",69,"mom","MakeBelieve-69","medium"
"CO_33938","2850-57518_2850-57941","2881-33938","Make Believe",72,"kid","MakeBelieve-69","1","Make Believe_72_1",1,1,0.102,0.871,0.027,0.462,77134,"2850-57518","Make Believe",69,"dad","MakeBelieve-69",0.222,0.694,0.085,0.431,63826,"2850-57941","Make Believe",69,"mom","MakeBelieve-69","medium"
"CO_33939","2850-57518_2850-57941","2881-33939","Make Believe",72,"kid","MakeBelieve-69","1","Make Believe_72_1",1,1,0.097,0.877,0.026,0.465,76168,"2850-57518","Make Believe",69,"dad","MakeBelieve-69",0.202,0.729,0.069,0.433,62934,"2850-57941","Make Believe",69,"mom","MakeBelieve-69","medium"
"CO_33940","2850-57659_2850-57928","2881-33940","Blue Cloud",4.2,"kid","BlueCloud-04","1","Blue Cloud_4.2_1",1,1,0.213,0.71,0.078,0.433,61452,"2850-57659","Blue Cloud",4,"dad","BlueCloud-04",0.209,0.707,0.084,0.437,65791,"2850-57928","Blue Cloud",4,"mom","BlueCloud-04","medium"
"CO_33941","2850-57659_2850-57928","2881-33941","Blue Cloud",4.2,"kid","BlueCloud-04","1","Blue Cloud_4.2_1",1,1,0.178,0.739,0.083,0.452,60274,"2850-57659","Blue Cloud",4,"dad","BlueCloud-04",0.218,0.684,0.097,0.439,64675,"2850-57928","Blue Cloud",4,"mom","BlueCloud-04","medium"
"CO_33942","2850-57659_2850-57928","2881-33942","Blue Cloud",4.2,"kid","BlueCloud-04","1","Blue Cloud_4.2_1",1,1,0.219,0.67,0.111,0.446,59596,"2850-57659","Blue Cloud",4,"dad","BlueCloud-04",0.193,0.726,0.081,0.444,63778,"2850-57928","Blue Cloud",4,"mom","BlueCloud-04","medium"
"CO_33943","2850-57659_2850-57928","2881-33943","Blue Cloud",4.2,"kid","BlueCloud-04","1","Blue Cloud_4.2_1",1,1,0.189,0.738,0.073,0.442,60317,"2850-57659","Blue Cloud",4,"dad","BlueCloud-04",0.186,0.736,0.078,0.446,64415,"2850-57928","Blue Cloud",4,"mom","BlueCloud-04","medium"
"CO_33944","2850-57674_2850-57683","2881-33944","Struthers",5,"kid","Struthers-03","2","Struthers_5_2",1,1,0.157,0.803,0.041,0.442,65103,"2850-57674","Struthers",3,"dad","Struthers-03",0.17,0.777,0.052,0.441,62376,"2850-57683","Struthers",3,"mom","Struthers-03","small"
"CO_33945","2850-57674_2850-57683","2881-33945","Struthers",5,"kid","Struthers-03","2","Struthers_5_2",1,1,0.173,0.772,0.055,0.441,69415,"2850-57674","Struthers",3,"dad","Struthers-03",0.186,0.737,0.077,0.446,66474,"2850-57683","Struthers",3,"mom","Struthers-03","small"
"CO_33946","2850-57674_2850-57683","2881-33946","Struthers",5,"kid","Struthers-03","2","Struthers_5_2",1,1,0.188,0.729,0.083,0.447,68937,"2850-57674","Struthers",3,"dad","Struthers-03",0.18,0.759,0.061,0.441,66026,"2850-57683","Struthers",3,"mom","Struthers-03","small"
"CO_34132","2850-57949_2850-57950","2881-34132","Speedwell",1,"kid","Speedwell-01","1","Speedwell_1_1",1,1,0.179,0.747,0.074,0.448,63717,"2850-57949","Speedwell",1,"dad","Speedwell-01",0.179,0.745,0.076,0.449,61807,"2850-57950","Speedwell",1,"mom","Speedwell-01","solitary"
"CO_34133","2850-57949_2850-57950","2881-34133","Speedwell",1,"kid","Speedwell-01","1","Speedwell_1_1",1,1,0.124,0.831,0.045,0.461,76930,"2850-57949","Speedwell",1,"dad","Speedwell-01",0.121,0.838,0.041,0.46,74746,"2850-57950","Speedwell",1,"mom","Speedwell-01","solitary"
"CO_34134","NA_2850-57950","2881-34134","Speedwell",1,"kid","Speedwell-01","1","Speedwell_1_1",1,0,NA,NA,NA,NA,NA,NA,NA,NA,NA,NA,0.174,0.75,0.076,0.451,62717,"2850-57950","Speedwell",1,"mom","Speedwell-01","solitary"
"CO_34135","2850-57949_2850-57950","2881-34135","Speedwell",1,"kid","Speedwell-01","1","Speedwell_1_1",1,1,0.186,0.745,0.068,0.441,61769,"2850-57949","Speedwell",1,"dad","Speedwell-01",0.174,0.765,0.061,0.443,60058,"2850-57950","Speedwell",1,"mom","Speedwell-01","solitary"
"CO_83167","2850-57967_2850-57952","2811-83167","Jays",1,"kid","Jays-01","1","Jays_1_1",1,1,0.172,0.776,0.052,0.44,76318,"2850-57967","Green Mill",2,"dad","none",0.197,0.742,0.061,0.432,74011,"2850-57952","Jays",1,"mom","Jays-01","solitary"
"CO_83168","2850-57967_2850-57952","2811-83168","Jays",1,"kid","Jays-01","1","Jays_1_1",1,1,0.169,0.775,0.055,0.443,77250,"2850-57967","Green Mill",2,"dad","none",0.17,0.78,0.05,0.44,74982,"2850-57952","Jays",1,"mom","Jays-01","solitary"
"CO_83170","2850-57967_2850-57952","2811-83170","Jays",1,"kid","Jays-01","1","Jays_1_1",1,1,0.179,0.766,0.054,0.437,72058,"2850-57967","Green Mill",2,"dad","none",0.174,0.766,0.06,0.443,70014,"2850-57952","Jays",1,"mom","Jays-01","solitary"
"CO_E110","NA_2850-57931","E110","Cooks",2,"egg","Cooks-02","collected","Cooks_2_collected",1,0,NA,NA,NA,NA,NA,NA,NA,NA,NA,NA,0.211,0.714,0.075,0.432,63745,"2850-57931","Cooks",2,"mom","Cooks-02","medium"
