Year,Band,Site,Sex,Type,FamilyID,Nest._1,Tissue,Seq.ID,Nest..,Brood..,clutch_id
2022,2850-57659,Blue Cloud,M,dad,BlueCloud-04,4,blood,CO-57659,NA,NA,NA
2022,2850-57869,Blue Cloud,F,mom,BlueCloud-04,4,blood,CO-57869,NA,NA,NA
2022,2881-33627,Blue Cloud,,kid,BlueCloud-04,17,blood,CO-33627,17,2,Blue Cloud_17_2
2022,2881-33628,Blue Cloud,,kid,BlueCloud-04,17,blood,CO-33628,17,2,Blue Cloud_17_2
2022,2881-33629,Blue Cloud,,kid,BlueCloud-04,17,blood,CO-33629,17,2,Blue Cloud_17_2
2022,2881-33630,Blue Cloud,,kid,BlueCloud-04,17,blood,CO-33630,17,2,Blue Cloud_17_2
2022,2881-34012,Blue Cloud,,kid,BlueCloud-04,4,blood,CO-34012,4,1,Blue Cloud_4_1
2022,2881-34013,Blue Cloud,,kid,BlueCloud-04,4,blood,CO-34013,4,1,Blue Cloud_4_1
2022,2811-83280,Blue Cloud,,kid,BlueCloud-05,5,blood,CO-83280,5,1,Blue Cloud_5_1
2022,2850-57572,Blue Cloud,F,mom,BlueCloud-05,5,blood,CO-57572,NA,NA,NA
2022,2850-57901,Blue Cloud,M,dad,BlueCloud-05,5,blood,CO-57901,NA,NA,NA
2022,2881-33642,Blue Cloud,,kid,BlueCloud-05,5.2,blood,CO-33642,5,2,Blue Cloud_5_2
2022,2881-33643,Blue Cloud,,kid,BlueCloud-05,5.2,blood,CO-33643,5,2,Blue Cloud_5_2
2022,2881-33644,Blue Cloud,,kid,BlueCloud-05,5.2,blood,CO-33644,5,2,Blue Cloud_5_2
2022,2881-33645,Blue Cloud,,kid,BlueCloud-05,5.2,blood,CO-33645,5,2,Blue Cloud_5_2
2022,2640-97548,Blue Cloud,M,dad,BlueCloud-18,18,blood,CO-97548,NA,NA,NA
2022,2811-83051,Blue Cloud,,kid,BlueCloud-18,18,blood,CO-83051,18,1,Blue Cloud_18_1
2022,2811-83052,Blue Cloud,,kid,BlueCloud-18,18,blood,CO-83052,18,1,Blue Cloud_18_1
2022,2811-83053,Blue Cloud,,kid,BlueCloud-18,18,blood,CO-83053,18,1,Blue Cloud_18_1
2022,2811-83054,Blue Cloud,,kid,BlueCloud-18,18,blood,CO-83054,18,1,Blue Cloud_18_1
2022,2811-83055,Blue Cloud,,kid,BlueCloud-18,18,blood,CO-83055,18,1,Blue Cloud_18_1
2022,2850-57612,Blue Cloud,F,mom,BlueCloud-18,18,blood,CO-57612,NA,NA,NA
2022,2881-33604,Blue Cloud,,kid,BlueCloud-18,21,blood,CO-33604,21,2,Blue Cloud_21_2
2022,2881-33605,Blue Cloud,,kid,BlueCloud-18,21,blood,CO-33605,21,2,Blue Cloud_21_2
2022,2881-33606,Blue Cloud,,kid,BlueCloud-18,21,blood,CO-33606,21,2,Blue Cloud_21_2
2022,2881-33607,Blue Cloud,,kid,BlueCloud-18,21,blood,CO-33607,21,2,Blue Cloud_21_2
2022,2881-33608,Blue Cloud,,kid,BlueCloud-18,21,blood,CO-33608,21,2,Blue Cloud_21_2
2022,2850-57565,Blue Cloud,M,dad,BlueCloud-19,24,blood,CO-57565,NA,NA,NA
2022,2850-57870,Blue Cloud,F,mom,BlueCloud-19,24,blood,CO-57870,NA,NA,NA
2022,2881-34037,Blue Cloud,,kid,BlueCloud-19,24,blood,CO-34037,24,2,Blue Cloud_24_2
2022,2881-34038,Blue Cloud,,kid,BlueCloud-19,24,blood,CO-34038,24,2,Blue Cloud_24_2
2022,2881-34039,Blue Cloud,,kid,BlueCloud-19,24,blood,CO-34039,24,2,Blue Cloud_24_2
2022,2881-34040,Blue Cloud,,kid,BlueCloud-19,24,blood,CO-34040,24,2,Blue Cloud_24_2
2022,2881-34041,Blue Cloud,,kid,BlueCloud-19,24,blood,CO-34041,24,2,Blue Cloud_24_2
2022,T014,Blue Cloud,,kid,BlueCloud-19,19,,CO-T014,19,1,Blue Cloud_19_1
2022,2811-83079,Blue Cloud,,kid,BlueCloud-22,22,blood,CO-83079,22,1,Blue Cloud_22_1
2022,2811-83080,Blue Cloud,,kid,BlueCloud-22,22,blood,CO-83080,22,1,Blue Cloud_22_1
2022,2850-57614,Blue Cloud,M,dad,BlueCloud-22,22,blood,CO-57614,NA,NA,NA
2022,2850-57871,Blue Cloud,F,mom,BlueCloud-22,22,blood,CO-57871,NA,NA,NA
2022,2881-33609,Blue Cloud,,kid,BlueCloud-22,14,blood,CO-33609,14,2,Blue Cloud_14_2
2022,2881-33610,Blue Cloud,,kid,BlueCloud-22,14,blood,CO-33610,14,2,Blue Cloud_14_2
2022,2881-33611,Blue Cloud,,kid,BlueCloud-22,14,blood,CO-33611,14,2,Blue Cloud_14_2
2022,2881-33612,Blue Cloud,,kid,BlueCloud-22,14,blood,CO-33612,14,2,Blue Cloud_14_2
2022,2870-64905,Blue Cloud,M,dad,BlueCloud-26,#N/A,blood,CO-64905,NA,NA,NA
2022,2881-34088,Boyer,,kid,Boyer-05,5,blood,CO-34088,5,2,Boyer's_5_2
2022,2881-34089,Boyer,,kid,Boyer-05,5,blood,CO-34089,5,2,Boyer's_5_2
2022,2850-57685,Boyer,F,mom,Boyer-05-07,5 or 7,blood,CO-57685,NA,NA,NA
2022,2850-57686,Boyer,M,dad,Boyer-05-07,5 or 7,blood,CO-57686,NA,NA,NA
2022,2850-57688,Boyer,F,mom,Boyer-05-07,5 or 7,blood,CO-57688,NA,NA,NA
2022,2850-57689,Boyer,M,dad,Boyer-05-07,5 or 7,blood,CO-57689,NA,NA,NA
2022,2881-33637,Boyer,,kid,Boyer-05-07,7,blood,CO-33637,7,2,Boyer's_7_2
2022,2881-33638,Boyer,,kid,Boyer-05-07,7,blood,CO-33638,7,2,Boyer's_7_2
2022,2881-33639,Boyer,,kid,Boyer-05-07,7,blood,CO-33639,7,2,Boyer's_7_2
2022,2881-33640,Boyer,,kid,Boyer-05-07,7,blood,CO-33640,7,2,Boyer's_7_2
2022,2881-33641,Boyer,,kid,Boyer-05-07,7,blood,CO-33641,7,2,Boyer's_7_2
2022,2870-64906,Boyer,M,dad,Boyer-11,11,blood,CO-64906,NA,NA,NA
2022,2811-83141,Cathy's,,kid,Cathys-02,2,blood,CO-83141,2,2,Cathy's_2_2
2022,2850-57666,Cathy's,M,dad,Cathys-02,#N/A,blood,CO-57666,NA,NA,NA
2022,2850-57667,Cathy's,F,mom,Cathys-02,2,blood,CO-57667,NA,NA,NA
2022,2811-83208,CHR,M,dad,CHR-004,4.2,blood,CO-83208,NA,NA,NA
2022,2811-83277,CHR,,kid,CHR-004,4,blood,CO-83277,4,1,CHR_4_1
2022,2811-83278,CHR,,kid,CHR-004,4,blood,CO-83278,4,1,CHR_4_1
2022,2811-83279,CHR,,kid,CHR-004,4,blood,CO-83279,4,1,CHR_4_1
2022,2811-83437,CHR,,kid,CHR-004,4.2,blood,CO-83437,4,2,CHR_4_2
2022,2811-83438,CHR,,kid,CHR-004,4.2,blood,CO-83438,4,2,CHR_4_2
2022,2850-57585,CHR,F,mom,CHR-004,4,blood,CO-57585,NA,NA,NA
2022,2811-83142,CHR,,kid,CHR-011,101,blood,CO-83142,101,2,CHR_101_2
2022,2811-83143,CHR,,kid,CHR-011,101,blood,CO-83143,101,2,CHR_101_2
2022,2811-83144,CHR,,kid,CHR-011,101,blood,CO-83144,101,2,CHR_101_2
2022,2811-83145,CHR,,kid,CHR-011,101,blood,CO-83145,101,2,CHR_101_2
2022,2850-57733,CHR,M,dad,CHR-011,11,blood,CO-57733,NA,NA,NA
2022,2811-83241,CHR,,kid,CHR-025,25,blood,CO-83241,25,1,CHR_25_1
2022,2811-83242,CHR,,kid,CHR-025,25,blood,CO-83242,25,1,CHR_25_1
2022,2811-83243,CHR,,kid,CHR-025,25,blood,CO-83243,25,1,CHR_25_1
2022,2811-83244,CHR,,kid,CHR-025,25,blood,CO-83244,25,1,CHR_25_1
2022,2850-57650,CHR,F,mom,CHR-025,25,blood,CO-57650,NA,NA,NA
2022,2850-57881,CHR,M,dad,CHR-025,25,blood,CO-57881,NA,NA,NA
2022,2881-33655,CHR,,kid,CHR-025,95,blood,CO-33655,95,2,CHR_95_2
2022,2881-33656,CHR,,kid,CHR-025,95,blood,CO-33656,95,2,CHR_95_2
2022,2881-33657,CHR,,kid,CHR-025,95,blood,CO-33657,95,2,CHR_95_2
2022,2640-97331,CHR,F,mom,CHR-029,29,blood,CO-97331,NA,NA,NA
2022,2850-57808,CHR,M,dad,CHR-029,29,blood,CO-57808,NA,NA,NA
2022,2881-34001,CHR,,kid,CHR-029,29,blood,CO-34001,29,1,CHR_29_1
2022,2881-34002,CHR,,kid,CHR-029,29,blood,CO-34002,29,1,CHR_29_1
2022,2881-34003,CHR,,kid,CHR-029,29,blood,CO-34003,29,1,CHR_29_1
2022,2881-34004,CHR,,kid,CHR-029,29,blood,CO-34004,29,1,CHR_29_1
2022,2881-34094,CHR,,kid,CHR-029,27,blood,CO-34094,27,2,CHR_27_2
2022,2881-34095,CHR,,kid,CHR-029,27,blood,CO-34095,27,2,CHR_27_2
2022,2881-34096,CHR,,kid,CHR-029,27,blood,CO-34096,27,2,CHR_27_2
2022,2881-34097,CHR,,kid,CHR-029,27,blood,CO-34097,27,2,CHR_27_2
2022,T017,CHR,,kid,CHR-029,29,tissue,CO-T017,29,1,CHR_29_1
2022,2640-97358,CHR,F,mom,CHR-032,32,blood,CO-97358,NA,NA,NA
2022,2811-83061,CHR,,kid,CHR-032,32,blood,CO-83061,32,1,CHR_32_1
2022,2811-83062,CHR,,kid,CHR-032,32,blood,CO-83062,32,1,CHR_32_1
2022,2811-83063,CHR,,kid,CHR-032,32,blood,CO-83063,32,1,CHR_32_1
2022,2811-83064,CHR,,kid,CHR-032,32,blood,CO-83064,32,1,CHR_32_1
2022,2811-83065,CHR,,kid,CHR-032,32,blood,CO-83065,32,1,CHR_32_1
2022,2811-83146,CHR,,kid,CHR-032,32,blood,CO-83146,32,3,CHR_32_3
2022,2811-83147,CHR,,kid,CHR-032,32,blood,CO-83147,32,3,CHR_32_3
2022,2850-57731,CHR,M,dad,CHR-032,32,blood,CO-57731,NA,NA,NA
2022,2811-83095,CHR,,kid,CHR-037,37,blood,CO-83095,37,1,CHR_37_1
2022,2811-83096,CHR,,kid,CHR-037,37,blood,CO-83096,37,1,CHR_37_1
2022,2811-83097,CHR,,kid,CHR-037,37,blood,CO-83097,37,1,CHR_37_1
2022,2850-57735,CHR,F,mom,CHR-037,37,blood,CO-57735,NA,NA,NA
2022,2850-57806,CHR,M,dad,CHR-037,37,blood,CO-57806,NA,NA,NA
2022,2881-33631,CHR,,kid,CHR-037,119,blood,CO-33631,119,2,CHR_119_2
2022,2881-33632,CHR,,kid,CHR-037,119,blood,CO-33632,119,2,CHR_119_2
2022,2811-83122,CHR,,kid,CHR-039,39,blood,CO-83122,39,1,CHR_39_1
2022,2811-83123,CHR,,kid,CHR-039,39,blood,CO-83123,39,1,CHR_39_1
2022,2811-83124,CHR,,kid,CHR-039,39,blood,CO-83124,39,1,CHR_39_1
2022,2811-83125,CHR,,kid,CHR-039,39,blood,CO-83125,39,1,CHR_39_1
2022,2811-83341,CHR,,kid,CHR-039,39.2,blood,CO-83341,39,2,CHR_39_2
2022,2811-83342,CHR,,kid,CHR-039,39.2,blood,CO-83342,39,2,CHR_39_2
2022,2811-83343,CHR,,kid,CHR-039,39.2,blood,CO-83343,39,2,CHR_39_2
2022,2811-83344,CHR,,kid,CHR-039,39.2,blood,CO-83344,39,2,CHR_39_2
2022,2850-57620,CHR,M,dad,CHR-039,39,blood,CO-57620,NA,NA,NA
2022,2850-57649,CHR,F,mom,CHR-039,39,blood,CO-57649,NA,NA,NA
2022,2811-83262,CHR,,kid,CHR-043,43,blood,CO-83262,43,1,CHR_43_1
2022,2811-83263,CHR,,kid,CHR-043,43,blood,CO-83263,43,1,CHR_43_1
2022,2811-83264,CHR,,kid,CHR-043,43,blood,CO-83264,43,1,CHR_43_1
2022,2811-83265,CHR,,kid,CHR-043,43,blood,CO-83265,43,1,CHR_43_1
2022,2850-57567,CHR,M,dad,CHR-043,43,blood,CO-57567,NA,NA,NA
2022,2850-57736,CHR,F,mom,CHR-043,43,blood,CO-57736,NA,NA,NA
2022,T011,CHR,,kid,CHR-043,43,tissue,CO-T011,43,1,CHR_43_1
2022,2850-57588,CHR,F,mom,CHR-045,45,blood,CO-57588,NA,NA,NA
2022,2850-57653,CHR,M,dad,CHR-045,45,blood,CO-57653,NA,NA,NA
2022,2881-34082,CHR,,kid,CHR-045,45,blood,CO-34082,45,2,CHR_45_2
2022,2881-34083,CHR,,kid,CHR-045,45,blood,CO-34083,45,2,CHR_45_2
2022,2881-34084,CHR,,kid,CHR-045,45,blood,CO-34084,45,2,CHR_45_2
2022,T008,CHR,,kid,CHR-045,45,tissue,CO-T008,45,2,CHR_45_2
2022,2850-57646,CHR,M,dad,CHR-054,#N/A,blood,CO-57646,NA,NA,NA
2022,2850-57571,CHR,F,mom,CHR-058,58,blood,CO-57571,NA,NA,NA
2022,2850-57579,CHR,M,dad,CHR-058,58,blood,CO-57579,NA,NA,NA
2022,2881-34022,CHR,,kid,CHR-058,58,blood,CO-34022,58,1,CHR_58_1
2022,2881-34023,CHR,,kid,CHR-058,58,blood,CO-34023,58,1,CHR_58_1
2022,2881-34024,CHR,,kid,CHR-058,58,blood,CO-34024,58,1,CHR_58_1
2022,T010,CHR,,kid,CHR-058,58,tissue,CO-T010,58,1,CHR_58_1
2022,2811-83323,CHR,,kid,CHR-066,16,blood,CO-83323,16,2,CHR_16_2
2022,2811-83324,CHR,,kid,CHR-066,16,blood,CO-83324,16,2,CHR_16_2
2022,2811-83325,CHR,,kid,CHR-066,16,blood,CO-83325,16,2,CHR_16_2
2022,2811-83326,CHR,,kid,CHR-066,16,blood,CO-83326,16,2,CHR_16_2
2022,2850-57581,CHR,M,dad,CHR-066,16,blood,CO-57581,NA,NA,NA
2022,2850-57652,CHR,F,mom,CHR-066,16,blood,CO-57652,NA,NA,NA
2022,2881-34014,CHR,,kid,CHR-066,66,blood,CO-34014,66,1,CHR_66_1
2022,2881-34015,CHR,,kid,CHR-066,66,blood,CO-34015,66,1,CHR_66_1
2022,2850-57670,CHR,F,mom,CHR-073,73,blood,CO-57670,NA,NA,NA
2022,2850-57671,CHR,M,dad,CHR-073,73,blood,CO-57671,NA,NA,NA
2022,2881-34029,CHR,,kid,CHR-073,73,blood,CO-34029,73,1,CHR_73_1
2022,2881-34030,CHR,,kid,CHR-073,73,blood,CO-34030,73,1,CHR_73_1
2022,2881-34031,CHR,,kid,CHR-073,73,blood,CO-34031,73,1,CHR_73_1
2022,2881-34032,CHR,,kid,CHR-073,73,blood,CO-34032,73,1,CHR_73_1
2022,T002,CHR,,kid,CHR-073,73,tissue,CO-T002,73,1,CHR_73_1
2022,2811-83274,CHR,,kid,CHR-074,74,blood,CO-83274,74,1,CHR_74_1
2022,2811-83275,CHR,,kid,CHR-074,74,blood,CO-83275,74,1,CHR_74_1
2022,2811-83276,CHR,,kid,CHR-074,74,blood,CO-83276,74,1,CHR_74_1
2022,2850-57582,CHR,M,dad,CHR-074,74,blood,CO-57582,NA,NA,NA
2022,2850-57746,CHR,F,mom,CHR-074,74,blood,CO-57746,NA,NA,NA
2022,2881-33677,CHR,,kid,CHR-074,6,blood,CO-33677,6,2,CHR_6_2
2022,2881-33678,CHR,,kid,CHR-074,6,blood,CO-33678,6,2,CHR_6_2
2022,2881-33679,CHR,,kid,CHR-074,6,blood,CO-33679,6,2,CHR_6_2
2022,2881-33680,CHR,,kid,CHR-074,6,blood,CO-33680,6,2,CHR_6_2
2022,2811-83427,CHR,,kid,CHR-078,78,blood,CO-83427,78,1,CHR_78_1
2022,2811-83428,CHR,,kid,CHR-078,78,blood,CO-83428,78,1,CHR_78_1
2022,2811-83429,CHR,,kid,CHR-078,78,blood,CO-83429,78,1,CHR_78_1
2022,2811-83430,CHR,,kid,CHR-078,78,blood,CO-83430,78,1,CHR_78_1
2022,2811-83431,CHR,,kid,CHR-078,78,blood,CO-83431,78,1,CHR_78_1
2022,2850-57656,CHR,F,mom,CHR-078,78,blood,CO-57656,NA,NA,NA
2022,2850-57744,CHR,M,dad,CHR-078,78,blood,CO-57744,NA,NA,NA
2022,2811-83118,CHR,,kid,CHR-080,80,blood,CO-83118,80,1,CHR_80_1
2022,2811-83119,CHR,,kid,CHR-080,80,blood,CO-83119,80,1,CHR_80_1
2022,2811-83120,CHR,,kid,CHR-080,80,blood,CO-83120,80,1,CHR_80_1
2022,2811-83121,CHR,,kid,CHR-080,80,blood,CO-83121,80,1,CHR_80_1
2022,2850-57580,CHR,M,dad,CHR-080,80,blood,CO-57580,NA,NA,NA
2022,2850-57654,CHR,F,mom,CHR-080,80,blood,CO-57654,NA,NA,NA
2022,2850-57745,CHR,M,dad,CHR-082,#N/A,blood,CO-57745,NA,NA,NA
2022,2811-82969,CHR,M,dad,CHR-085,#N/A,blood,CO-82969,NA,NA,NA
2022,2640-97588,CHR,M,dad,CHR-093,93,blood,CO-97588,NA,NA,NA
2022,2811-83074,CHR,,kid,CHR-093,93,blood,CO-83074,93,1,CHR_93_1
2022,2811-83075,CHR,,kid,CHR-093,93,blood,CO-83075,93,1,CHR_93_1
2022,2811-83076,CHR,,kid,CHR-093,93,blood,CO-83076,93,1,CHR_93_1
2022,2811-83077,CHR,,kid,CHR-093,93,blood,CO-83077,93,1,CHR_93_1
2022,2811-83078,CHR,,kid,CHR-093,93,blood,CO-83078,93,1,CHR_93_1
2022,2850-57730,CHR,F,mom,CHR-093,93,blood,CO-57730,NA,NA,NA
2022,2881-34071,CHR,,kid,CHR-093,93,blood,CO-34071,93,2,CHR_93_2
2022,2881-34072,CHR,,kid,CHR-093,93,blood,CO-34072,93,2,CHR_93_2
2022,2881-34073,CHR,,kid,CHR-093,93,blood,CO-34073,93,2,CHR_93_2
2022,2881-34074,CHR,,kid,CHR-093,93,blood,CO-34074,93,2,CHR_93_2
2022,2811-83301,CHR,,kid,CHR-096,96,blood,CO-83301,96,1,CHR_96_1
2022,2811-83302,CHR,,kid,CHR-096,96,blood,CO-83302,96,1,CHR_96_1
2022,2811-83304,CHR,,kid,CHR-096,96,blood,CO-83304,96,1,CHR_96_1
2022,2811-83320,CHR,,kid,CHR-096,96.2,blood,CO-83320,96,2,CHR_96_2
2022,2811-83321,CHR,,kid,CHR-096,96.2,blood,CO-83321,96,2,CHR_96_2
2022,2811-83322,CHR,,kid,CHR-096,96.2,blood,CO-83322,96,2,CHR_96_2
2022,2850-57568,CHR,F,mom,CHR-096,96.2,blood,CO-57568,NA,NA,NA
2022,2850-57806,CHR,M,dad,CHR-096,,,CO-57806,NA,NA,NA
2022,T001,CHR,,kid,CHR-096,96,tissue,CO-T001,96,1,CHR_96_1
2022,2850-57583,CHR,F,mom,CHR-097,97,blood,CO-57583,NA,NA,NA
2022,2850-57589,CHR,M,dad,CHR-097,97,blood,CO-57589,NA,NA,NA
2022,2881-33681,CHR,,kid,CHR-097,19,blood,CO-33681,19,2,CHR_19_2
2022,2881-33682,CHR,,kid,CHR-097,19,blood,CO-33682,19,2,CHR_19_2
2022,2881-33683,CHR,,kid,CHR-097,19,blood,CO-33683,19,2,CHR_19_2
2022,2881-34017,CHR,,kid,CHR-097,97,blood,CO-34017,97,1,CHR_97_1
2022,2881-34018,CHR,,kid,CHR-097,97,blood,CO-34018,97,1,CHR_97_1
2022,2881-34019,CHR,,kid,CHR-097,97,blood,CO-34019,97,1,CHR_97_1
2022,2881-34020,CHR,,kid,CHR-097,97,blood,CO-34020,97,1,CHR_97_1
2022,T003,CHR,,kid,CHR-097,19,tissue,CO-T003,19,2,CHR_19_2
2022,2811-83306,CHR,,kid,CHR-099,99,blood,CO-83306,99,1,CHR_99_1
2022,2811-83307,CHR,,kid,CHR-099,99,blood,CO-83307,99,1,CHR_99_1
2022,2811-83308,CHR,,kid,CHR-099,99,blood,CO-83308,99,1,CHR_99_1
2022,2811-83309,CHR,,kid,CHR-099,99,blood,CO-83309,99,1,CHR_99_1
2022,2811-83439,CHR,,kid,CHR-099,99,blood,CO-83439,99,2,CHR_99_2
2022,2811-83440,CHR,,kid,CHR-099,99,blood,CO-83440,99,2,CHR_99_2
2022,2811-83441,CHR,,kid,CHR-099,99,blood,CO-83441,99,2,CHR_99_2
2022,2811-83442,CHR,,kid,CHR-099,99,blood,CO-83442,99,2,CHR_99_2
2022,2850-57578,CHR,M,dad,CHR-099,99,blood,CO-57578,NA,NA,NA
2022,2850-57883,CHR,F,mom,CHR-099,99,blood,CO-57883,NA,NA,NA
2022,2640-97589,CHR,M,dad,CHR-102,102,blood,CO-97589,NA,NA,NA
2022,2811-38984,CHR,F,mom,CHR-102,102,blood,CO-38984,NA,NA,NA
2022,2811-83081,CHR,,kid,CHR-102,102,blood,CO-83081,102,1,CHR_102_1
2022,2811-83082,CHR,,kid,CHR-102,102,blood,CO-83082,102,1,CHR_102_1
2022,2811-83083,CHR,,kid,CHR-102,102,blood,CO-83083,102,1,CHR_102_1
2022,2881-34075,CHR,,kid,CHR-102,102.2,blood,CO-34075,102.2,2,CHR_102.2_2
2022,2881-34076,CHR,,kid,CHR-102,102.2,blood,CO-34076,102.2,2,CHR_102.2_2
2022,2881-34077,CHR,,kid,CHR-102,102.2,blood,CO-34077,102.2,2,CHR_102.2_2
2022,2881-34078,CHR,,kid,CHR-102,102.2,blood,CO-34078,102.2,2,CHR_102.2_2
2022,2811-83228,CHR,,kid,CHR-110,110,blood,CO-83228,110,1,CHR_110_1
2022,2811-83229,CHR,,kid,CHR-110,110,blood,CO-83229,110,1,CHR_110_1
2022,2811-83230,CHR,,kid,CHR-110,110,blood,CO-83230,110,1,CHR_110_1
2022,2811-83231,CHR,,kid,CHR-110,110,blood,CO-83231,110,1,CHR_110_1
2022,2850-57742,CHR,M,dad,CHR-110,110,blood,CO-57742,NA,NA,NA
2022,2850-57846,CHR,F,mom,CHR-110,110,blood,CO-57846,NA,NA,NA
2022,2881-34091,CHR,,kid,CHR-110,52,blood,CO-34091,52,2,CHR_52_2
2022,2881-34093,CHR,,kid,CHR-110,52,blood,CO-34093,52,2,CHR_52_2
2022,2811-83300,CHR,,kid,CHR-112,112,blood,CO-83300,112,1,CHR_112_1
2022,2811-83413,CHR,,kid,CHR-112,112,blood,CO-83413,112,1,CHR_112_1
2022,2811-83414,CHR,,kid,CHR-112,112,blood,CO-83414,112,1,CHR_112_1
2022,2811-83415,CHR,,kid,CHR-112,112,blood,CO-83415,112,1,CHR_112_1
2022,2811-83443,CHR,,kid,CHR-112,112.2,blood,CO-83443,112.2,2,CHR_112.2_2
2022,2811-83444,CHR,,kid,CHR-112,112.2,blood,CO-83444,112.2,2,CHR_112.2_2
2022,2811-83445,CHR,,kid,CHR-112,112.2,blood,CO-83445,112.2,2,CHR_112.2_2
2022,2811-83446,CHR,,kid,CHR-112,112.2,blood,CO-83446,112.2,2,CHR_112.2_2
2022,2850-57647,CHR,M,dad,CHR-112,112,blood,CO-57647,NA,NA,NA
2022,2850-57879,CHR,F,mom,CHR-112,112,blood,CO-57879,NA,NA,NA
2022,2811-83316,CHR,,kid,CHR-128,128,blood,CO-83316,128,1,CHR_128_1
2022,2811-83317,CHR,,kid,CHR-128,128,blood,CO-83317,128,1,CHR_128_1
2022,2811-83318,CHR,,kid,CHR-128,128,blood,CO-83318,128,1,CHR_128_1
2022,2811-83319,CHR,,kid,CHR-128,128,blood,CO-83319,128,1,CHR_128_1
2022,2811-83465,CHR,,kid,CHR-128,150,blood,CO-83465,150,2,CHR_150_2
2022,2850-57577,CHR,M,dad,CHR-128,128,blood,CO-57577,NA,NA,NA
2022,2870-65003,CHR,F,mom,CHR-128,128,blood,CO-65003,NA,NA,NA
2022,2811-83432,CHR,,kid,CHR-133,133,blood,CO-83432,133,1,CHR_133_1
2022,2811-83466,CHR,,kid,CHR-133,151,blood,CO-83466,151,2,CHR_151_2
2022,2811-83467,CHR,,kid,CHR-133,151,blood,CO-83467,151,2,CHR_151_2
2022,2811-83468,CHR,,kid,CHR-133,151,blood,CO-83468,151,2,CHR_151_2
2022,2850-57570,CHR,M,dad,CHR-133,133,blood,CO-57570,NA,NA,NA
2022,2850-57648,CHR,F,mom,CHR-133,133,blood,CO-57648,NA,NA,NA
2022,2850-57880,CHR,M,dad,CHR-139,#N/A,blood,CO-57880,NA,NA,NA
2022,2870-64909,CHR,F,mom,CHR-148,148,blood,CO-64909,NA,NA,NA
2022,2881-33696,CHR,,kid,CHR-148,148,blood,CO-33696,148,2,CHR_148_2
2022,2881-33697,CHR,,kid,CHR-148,148,blood,CO-33697,148,2,CHR_148_2
2022,2881-33698,CHR,,kid,CHR-148,148,blood,CO-33698,148,2,CHR_148_2
2022,2881-33699,CHR,,kid,CHR-148,148,blood,CO-33699,148,2,CHR_148_2
2022,2850-57582,CHR,M,dad,CHR-148,,blood,CO-57582,NA,NA,NA
2022,2850-57586,CHR,F,mom,CHR-149,149,blood,CO-57586,NA,NA,NA
2022,2850-57669,CHR,M,dad,CHR-149,#N/A,blood,CO-57669,NA,NA,NA
2022,2811-83240,Cooks,,kid,Cooks-02,2,blood,CO-83240,2,1,Cook's_2_1
2022,2850-57633,Cooks,M,dad,Cooks-02,2,blood,CO-57633,NA,NA,NA
2022,2850-57637,Cooks,F,mom,Cooks-02,2,blood,CO-57637,NA,NA,NA
2022,2850-57574,Cooks,M,dad,Cooks-04,4,blood,CO-57574,NA,NA,NA
2022,2850-57575,Cooks,F,mom,Cooks-04,4,blood,CO-57575,NA,NA,NA
2022,2881-34025,Cooks,,kid,Cooks-04,4,blood,CO-34025,4,1,Cook's_4_1
2022,2881-34026,Cooks,,kid,Cooks-04,4,blood,CO-34026,4,1,Cook's_4_1
2022,2881-34027,Cooks,,kid,Cooks-04,4,blood,CO-34027,4,1,Cook's_4_1
2022,2881-34028,Cooks,,kid,Cooks-04,4,blood,CO-34028,4,1,Cook's_4_1
2022,2850-57557,Cooks,M,dad,Cooks-06,6,blood,CO-57557,NA,NA,NA
2022,2850-57609,Cooks,F,mom,Cooks-06,6,blood,CO-57609,NA,NA,NA
2022,2881-34005,Cooks,,kid,Cooks-06,6,blood,CO-34005,6,1,Cook's_6_1
2022,2881-34006,Cooks,,kid,Cooks-06,6,blood,CO-34006,6,1,Cook's_6_1
2022,2881-34007,Cooks,,kid,Cooks-06,6,blood,CO-34007,6,1,Cook's_6_1
2022,2881-34008,Cooks,,kid,Cooks-06,6,blood,CO-34008,6,1,Cook's_6_1
2022,2881-34009,Cooks,,kid,Cooks-06,6,blood,CO-34009,6,1,Cook's_6_1
2022,2850-57657,CHR,M,dad,none,,blood,CO-57657,NA,NA,NA
2022,2850-57675,Cooks,M,dad,Cooks-13,,,CO-57675,NA,NA,NA
2022,2850-57749,Cooks,F,mom,Cooks-13,13,blood,CO-57749,NA,NA,NA
2022,2881-34060,Cooks,,kid,Cooks-13,13,blood,CO-34060,13,1,Cook's_13_1
2022,2881-34061,Cooks,,kid,Cooks-13,13,blood,CO-34061,13,1,Cook's_13_1
2022,2881-34062,Cooks,,kid,Cooks-13,13,blood,CO-34062,13,1,Cook's_13_1
2022,2881-34063,Cooks,,kid,Cooks-13,13,blood,CO-34063,13,1,Cook's_13_1
2022,2850-57672,Cooks,F,mom,Cooks-17,17,blood,CO-57672,NA,NA,NA
2022,2850-57673,Cooks,M,dad,Cooks-17,17,blood,CO-57673,NA,NA,NA
2022,2881-34033,Cooks,,kid,Cooks-17,17,blood,CO-34033,17,1,Cook's_17_1
2022,2881-34034,Cooks,,kid,Cooks-17,17,blood,CO-34034,17,1,Cook's_17_1
2022,2881-34035,Cooks,,kid,Cooks-17,17,blood,CO-34035,17,1,Cook's_17_1
2022,2881-34036,Cooks,,kid,Cooks-17,17,blood,CO-34036,17,1,Cook's_17_1
2022,2811-83130,Cooks,,kid,Cooks-27,27,blood,CO-83130,27,1,Cook's_27_1
2022,2811-83131,Cooks,,kid,Cooks-27,27,blood,CO-83131,27,1,Cook's_27_1
2022,2811-83132,Cooks,,kid,Cooks-27,27,blood,CO-83132,27,1,Cook's_27_1
2022,2850-57664,Cooks,F,mom,Cooks-27,27,blood,CO-57664,NA,NA,NA
2022,2850-57676,Cooks,M,dad,Cooks-27,27,blood,CO-57676,NA,NA,NA
2022,2811-83069,Cooks,,kid,Cooks-29,29,blood,CO-83069,29,1,Cook's_29_1
2022,2811-83070,Cooks,,kid,Cooks-29,29,blood,CO-83070,29,1,Cook's_29_1
2022,2811-83071,Cooks,,kid,Cooks-29,29,blood,CO-83071,29,1,Cook's_29_1
2022,2811-83072,Cooks,,kid,Cooks-29,29,blood,CO-83072,29,1,Cook's_29_1
2022,2811-83073,Cooks,,kid,Cooks-29,29,blood,CO-83073,29,1,Cook's_29_1
2022,2850-57638,Cooks,M,dad,Cooks-29,29,blood,CO-57638,NA,NA,NA
2022,2850-57853,Cooks,F,mom,Cooks-29,29,blood,CO-57853,NA,NA,NA
2022,2881-34055,Cooks,,kid,Cooks-29,8,blood,CO-34055,8,2,Cook's_8_2
2022,2881-34056,Cooks,,kid,Cooks-29,8,blood,CO-34056,8,2,Cook's_8_2
2022,2881-34057,Cooks,,kid,Cooks-29,8,blood,CO-34057,8,2,Cook's_8_2
2022,2881-34058,Cooks,,kid,Cooks-29,8,blood,CO-34058,8,2,Cook's_8_2
2022,2881-34059,Cooks,,kid,Cooks-29,8,blood,CO-34059,8,2,Cook's_8_2
2022,2811-83258,Cooks,,kid,Cooks-31,31,blood,CO-83258,31,1,Cook's_31_1
2022,2811-83260,Cooks,,kid,Cooks-31,31,blood,CO-83260,31,1,Cook's_31_1
2022,2811-83261,Cooks,,kid,Cooks-31,31,blood,CO-83261,31,1,Cook's_31_1
2022,2850-57573,Cooks,M,dad,Cooks-31,14,blood,CO-57573,NA,NA,NA
2022,2850-57663,Cooks,F,mom,Cooks-31,14,blood,CO-57663,NA,NA,NA
2022,2881-33658,Cooks,,kid,Cooks-31,14,blood,CO-33658,14,2,Cook's_14_2
2022,2881-33659,Cooks,,kid,Cooks-31,14,blood,CO-33659,14,2,Cook's_14_2
2022,2881-33660,Cooks,,kid,Cooks-31,14,blood,CO-33660,14,2,Cook's_14_2
2022,2881-33661,Cooks,,kid,Cooks-31,14,blood,CO-33661,14,2,Cook's_14_2
2022,2850-57700,Cooks,F,mom,Cooks-33,33,blood,CO-57700,NA,NA,NA
2022,2870-64915,Cooks,M,dad,Cooks-33,33,blood,CO-64915,NA,NA,NA
2022,2881-33618,Cooks,,kid,Cooks-33,33,blood,CO-33618,33,1,Cook's_33_1
2022,2881-33619,Cooks,,kid,Cooks-33,33,blood,CO-33619,33,1,Cook's_33_1
2022,2881-33620,Cooks,,kid,Cooks-33,33,blood,CO-33620,33,1,Cook's_33_1
2022,2881-33621,Cooks,,kid,Cooks-33,33,blood,CO-33621,33,1,Cook's_33_1
2022,2811-83207,Dome House,F,mom,DomeHouse-01,1,blood,CO-83207,NA,NA,NA
2022,2811-83281,Dome House,,kid,DomeHouse-01,1,blood,CO-83281,1,1,Dome House_1_1
2022,2811-83282,Dome House,,kid,DomeHouse-01,1,blood,CO-83282,1,1,Dome House_1_1
2022,2850-57643,Dome House,M,dad,DomeHouse-01,1,blood,CO-57643,NA,NA,NA
2022,2881-33648,Dome House,,kid,DomeHouse-01,2,blood,CO-33648,2,2,Dome House_2_2
2022,2881-33650,Dome House,,kid,DomeHouse-01,2,blood,CO-33650,2,2,Dome House_2_2
2022,2811-00632,Erica's,M,dad,Ericas-01,#N/A,blood,CO-00632,NA,NA,NA
2022,2850-57751,Jay's,M,dad,Jays-01,#N/A,blood,CO-57751,NA,NA,NA
2022,2850-57636,Jay's,M,dad,Jays-02,#N/A,blood,CO-57636,NA,NA,NA
2022,2850-57661,Karen's,F,mom,Karens-01,1.2,blood,CO-57661,NA,NA,NA
2022,2850-57662,Karen's,M,dad,Karens-01,1.2,blood,CO-57662,NA,NA,NA
2022,2881-34085,Karen's,,kid,Karens-01,1.2,blood,CO-34085,1.2,2,Karen's_1.2_2
2022,2881-34086,Karen's,,kid,Karens-01,1.2,blood,CO-34086,1.2,2,Karen's_1.2_2
2022,2881-34087,Karen's,,kid,Karens-01,1.2,blood,CO-34087,1.2,2,Karen's_1.2_2
2022,2811-83290,Make Believe,,kid,MakeBelieve-08,8,blood,CO-83290,8,1,Make Believe_8_1
2022,2811-83291,Make Believe,,kid,MakeBelieve-08,8,blood,CO-83291,8,1,Make Believe_8_1
2022,2850-57874,Make Believe,F,mom,MakeBelieve-08,8,blood,CO-57874,NA,NA,NA
2022,2850-57875,Make Believe,M,dad,MakeBelieve-08,8,blood,CO-57875,NA,NA,NA
2022,2811-83127,Make Believe,,kid,MakeBelieve-13,13,blood,CO-83127,13,1,Make Believe_13_1
2022,2811-83128,Make Believe,,kid,MakeBelieve-13,13,blood,CO-83128,13,1,Make Believe_13_1
2022,2811-83129,Make Believe,,kid,MakeBelieve-13,13,blood,CO-83129,13,1,Make Believe_13_1
2022,2850-57877,Make Believe,M,dad,MakeBelieve-13,13,blood,CO-57877,NA,NA,NA
2022,2850-57878,Make Believe,F,mom,MakeBelieve-13,13,blood,CO-57878,NA,NA,NA
2022,2811-83254,Make Believe,,kid,MakeBelieve-14,14,blood,CO-83254,14,1,Make Believe_14_1
2022,2811-83255,Make Believe,,kid,MakeBelieve-14,14,blood,CO-83255,14,1,Make Believe_14_1
2022,2811-83256,Make Believe,,kid,MakeBelieve-14,14,blood,CO-83256,14,1,Make Believe_14_1
2022,2811-83257,Make Believe,,kid,MakeBelieve-14,14,blood,CO-83257,14,1,Make Believe_14_1
2022,2850-57518,Make Believe,M,dad,MakeBelieve-14,14,blood,CO-57518,NA,NA,NA
2022,2850-57576,Make Believe,F,mom,MakeBelieve-14,14,blood,CO-57576,NA,NA,NA
2022,2881-33646,Make Believe,,kid,MakeBelieve-14,69,blood,CO-33646,69,2,Make Believe_69_2
2022,2881-33647,Make Believe,,kid,MakeBelieve-14,69,blood,CO-33647,69,2,Make Believe_69_2
2022,2811-83283,Make Believe,,kid,MakeBelieve-26,26,blood,CO-83283,26,1,Make Believe_26_1
2022,2811-83284,Make Believe,,kid,MakeBelieve-26,26,blood,CO-83284,26,1,Make Believe_26_1
2022,2811-83285,Make Believe,,kid,MakeBelieve-26,26,blood,CO-83285,26,1,Make Believe_26_1
2022,2811-83286,Make Believe,,kid,MakeBelieve-26,26,blood,CO-83286,26,1,Make Believe_26_1
2022,2850-57872,Make Believe,F,mom,MakeBelieve-26,26,blood,CO-57872,NA,NA,NA
2022,2850-57873,Make Believe,M,dad,MakeBelieve-26,26,blood,CO-57873,NA,NA,NA
2022,2881-33666,Make Believe,,kid,MakeBelieve-26,48,blood,CO-33666,48,2,Make Believe_48_2
2022,2881-33667,Make Believe,,kid,MakeBelieve-26,48,blood,CO-33667,48,2,Make Believe_48_2
2022,2881-33668,Make Believe,,kid,MakeBelieve-26,48,blood,CO-33668,48,2,Make Believe_48_2
2022,2881-33669,Make Believe,,kid,MakeBelieve-26,48,blood,CO-33669,48,2,Make Believe_48_2
2022,2811-83292,Make Believe,,kid,MakeBelieve-38,34,blood,CO-83292,34,1,Make Believe_34_1
2022,2811-83293,Make Believe,,kid,MakeBelieve-38,34,blood,CO-83293,34,1,Make Believe_34_1
2022,2811-83294,Make Believe,,kid,MakeBelieve-38,34,blood,CO-83294,34,1,Make Believe_34_1
2022,2811-83295,Make Believe,,kid,MakeBelieve-38,34,blood,CO-83295,34,1,Make Believe_34_1
2022,2850-57635,Make Believe,F,mom,MakeBelieve-38,38,blood,CO-57635,NA,NA,NA
2022,2850-57668,Make Believe,M,dad,MakeBelieve-38,38,blood,CO-57668,NA,NA,NA
2022,2881-33662,Make Believe,,kid,MakeBelieve-38,38,blood,CO-33662,38,2,Make Believe_38_2
2022,2881-33663,Make Believe,,kid,MakeBelieve-38,38,blood,CO-33663,38,2,Make Believe_38_2
2022,2881-33664,Make Believe,,kid,MakeBelieve-38,38,blood,CO-33664,38,2,Make Believe_38_2
2022,2881-33665,Make Believe,,kid,MakeBelieve-38,38,blood,CO-33665,38,2,Make Believe_38_2
2022,2850-57680,Make Believe,M,dad,MakeBelieve-62,#N/A,blood,CO-57680,NA,NA,NA
2022,2850-57750,Make Believe,M,dad,MakeBelieve-62.2,#N/A,blood,CO-57750,NA,NA,NA
2022,2640-97596,Make Believe,F,mom,MakeBelieve-73,,,CO-97596,NA,NA,NA
2022,2350-21085,Make Believe,M,dad,MakeBelieve-73,73,blood,CO-21085,NA,NA,NA
2022,2811-83085,Make Believe,,kid,MakeBelieve-73,73,blood,CO-83085,73,1,Make Believe_73_1
2022,2811-83086,Make Believe,,kid,MakeBelieve-73,73,blood,CO-83086,73,1,Make Believe_73_1
2022,2811-83087,Make Believe,,kid,MakeBelieve-73,73,blood,CO-83087,73,1,Make Believe_73_1
2022,2811-83088,Make Believe,,kid,MakeBelieve-73,73,blood,CO-83088,73,1,Make Believe_73_1
2022,2811-83089,Make Believe,,kid,MakeBelieve-73,73,blood,CO-83089,73,1,Make Believe_73_1
2022,2881-33622,Make Believe,,kid,MakeBelieve-73,73.2,blood,CO-33622,73,2,Make Believe_73_2
2022,2881-33623,Make Believe,,kid,MakeBelieve-73,73.2,blood,CO-33623,73,2,Make Believe_73_2
2022,2881-33624,Make Believe,,kid,MakeBelieve-73,73.2,blood,CO-33624,73,2,Make Believe_73_2
2022,2881-33625,Make Believe,,kid,MakeBelieve-73,73.2,blood,CO-33625,73,2,Make Believe_73_2
2022,2881-33626,Make Believe,,kid,MakeBelieve-73,73.2,blood,CO-33626,73,2,Make Believe_73_2
2022,2811-83310,Marte's,,kid,Marty-01,1,blood,CO-83310,1,1,Marty's_1_1
2022,2811-83311,Marte's,,kid,Marty-01,1,blood,CO-83311,1,1,Marty's_1_1
2022,2850-57691,Marte's,M,dad,Marty-01,1,blood,CO-57691,NA,NA,NA
2022,2850-57692,Marte's,F,mom,Marty-01,1,blood,CO-57692,NA,NA,NA
2022,2881-33670,Marte's,,kid,Marty-01,2,blood,CO-33670,2,2,Marte's_2_2
2022,2881-33671,Marte's,,kid,Marty-01,2,blood,CO-33671,2,2,Marte's_2_2
2022,2881-33672,Marte's,,kid,Marty-01,2,blood,CO-33672,2,2,Marte's_2_2
2022,T012,Marte's,,kid,Marty-01,1,tissue,CO-T012,1,1,Marty's_1_1
2022,2850-57550,Mary Ann's,F,mom,MaryAnns-01,1,blood,CO-57550,NA,NA,NA
2022,2870-64916,Mary Ann's,M,dad,MaryAnns-01,1,blood,CO-64916,NA,NA,NA
2022,2881-33700,Mary Ann's,,kid,MaryAnns-01,1,blood,CO-33700,1,2,Mary Ann's_1_2
2022,T004,Mary Ann's,,kid,MaryAnns-01,1,tissue,CO-T004,1,2,Mary Ann's_1_2
2022,T005,Mary Ann's,,kid,MaryAnns-01,1,tissue,CO-T005,1,2,Mary Ann's_1_2
2022,2850-57639,McCauley,M,dad,McCauley-01,1,blood,CO-57639,NA,NA,NA
2022,2850-57640,McCauley,F,mom,McCauley-01,1,blood,CO-57640,NA,NA,NA
2022,2881-33633,McCauley,,kid,McCauley-01,2,blood,CO-33633,2,2,McCauley_2_2
2022,2881-33634,McCauley,,kid,McCauley-01,2,blood,CO-33634,2,2,McCauley_2_2
2022,2881-33635,McCauley,,kid,McCauley-01,2,blood,CO-33635,2,2,McCauley_2_2
2022,2881-33636,McCauley,,kid,McCauley-01,2,blood,CO-33636,2,2,McCauley_2_2
2022,2881-34010,McCauley,,kid,McCauley-01,1,blood,CO-34010,1,1,McCauley_1_1
2022,2881-34011,McCauley,,kid,McCauley-01,1,blood,CO-34011,1,1,McCauley_1_1
2022,2850-57752,McCauley,M,dad,McCauley-04,4,blood,CO-57752,NA,NA,NA
2022,2850-57753,McCauley,F,mom,McCauley-04,4,blood,CO-57753,NA,NA,NA
2022,2881-33673,McCauley,,kid,McCauley-04,4,blood,CO-33673,4,1,McCauley_4_1
2022,2881-33674,McCauley,,kid,McCauley-04,4,blood,CO-33674,4,1,McCauley_4_1
2022,2881-33675,McCauley,,kid,McCauley-04,4,blood,CO-33675,4,1,McCauley_4_1
2022,2881-33676,McCauley,,kid,McCauley-04,4,blood,CO-33676,4,1,McCauley_4_1
2022,2850-57896,Cargill,F,mom,none,20,blood,CO-57896,NA,NA,NA
2022,2811-39093,Schaaps,M,dad,none,#N/A,blood,CO-39093,NA,NA,NA
2022,2850-57560,Grizz,M,dad,none,#N/A,blood,CO-57560,NA,NA,NA
2022,2850-57587,CHR,M,dad,none,#N/A,blood,CO-57587,NA,NA,NA
2022,2850-57593,Mayas,M,dad,none,#N/A,blood,CO-57593,NA,NA,NA
2022,2850-57595,Mayas,M,dad,none,#N/A,blood,CO-57595,NA,NA,NA
2022,2850-57597,Mayas,M,dad,none,#N/A,blood,CO-57597,NA,NA,NA
2022,2850-57598,Schaaps,M,dad,none,#N/A,blood,CO-57598,NA,NA,NA
2022,2850-57600,Schaaps,M,dad,none,#N/A,blood,CO-57600,NA,NA,NA
2022,2850-57619,Reinarz,M,dad,none,#N/A,blood,CO-57619,NA,NA,NA
2022,2850-57644,Urban Farm Girlz,M,dad,none,#N/A,blood,CO-57644,NA,NA,NA
2022,2850-57665,Cooks,M,dad,none,#N/A,blood,CO-57665,NA,NA,NA
2022,2850-57677,Mayas,M,dad,none,#N/A,blood,CO-57677,NA,NA,NA
2022,2850-57678,Mayas,M,dad,none,#N/A,blood,CO-57678,NA,NA,NA
2022,2850-57679,Starlight,M,dad,none,#N/A,blood,CO-57679,NA,NA,NA
2022,2850-57681,Schaaps,M,dad,none,#N/A,blood,CO-57681,NA,NA,NA
2022,2850-57684,Struthers,M,dad,Struthers-23,#N/A,blood,CO-57684,NA,NA,NA
2022,2850-57690,Plumbumpy,M,dad,none,#N/A,blood,CO-57690,NA,NA,NA
2022,2850-57694,Quick,M,dad,none,#N/A,blood,CO-57694,NA,NA,NA
2022,2850-57695,Quick,M,dad,none,#N/A,blood,CO-57695,NA,NA,NA
2022,2850-57697,Grizz,M,dad,none,#N/A,blood,CO-57697,NA,NA,NA
2022,2850-57701,Schaaps,M,dad,none,#N/A,blood,CO-57701,NA,NA,NA
2022,2850-57743,CHR,M,dad,none,#N/A,blood,CO-57743,NA,NA,NA
2022,2850-57889,Mayas,M,dad,none,#N/A,blood,CO-57889,NA,NA,NA
2022,2850-57890,Mayas,M,dad,none,#N/A,blood,CO-57890,NA,NA,NA
2022,2850-57895,Schaaps,M,dad,none,#N/A,blood,CO-57895,NA,NA,NA
2022,2850-57897,Cargill,M,dad,none,#N/A,blood,CO-57897,NA,NA,NA
2022,2850-57898,Grizz,M,dad,none,#N/A,blood,CO-57898,NA,NA,NA
2022,2870-64907,CHR,M,dad,none,#N/A,blood,CO-64907,NA,NA,NA
2022,2870-64913,Jame's Ditch,M,dad,none,#N/A,blood,CO-64913,NA,NA,NA
2022,2870-64918,Boyer,M,dad,none,#N/A,blood,CO-64918,NA,NA,NA
2022,2870-65001,Schaaps,M,dad,none,#N/A,blood,CO-65001,NA,NA,NA
2022,2850-57607,Schaaps,M,dad,Schaaps-108,#N/A,blood,CO-57607,NA,NA,NA
2022,2850-57642,Sol y Sombra,M,dad,SolySombra-01,#N/A,blood,CO-57642,NA,NA,NA
2022,2850-57698,Speedwell,F,mom,Speedwell-01,1,blood,CO-57698,NA,NA,NA
2022,2850-57699,Speedwell,M,dad,Speedwell-01,1,blood,CO-57699,NA,NA,NA
2022,2881-34051,Speedwell,,kid,Speedwell-01,1,blood,CO-34051,1,1,Speedwell_1_1
2022,2881-34052,Speedwell,,kid,Speedwell-01,1,blood,CO-34052,1,1,Speedwell_1_1
2022,2881-34053,Speedwell,,kid,Speedwell-01,1,blood,CO-34053,1,1,Speedwell_1_1
2022,2881-34054,Speedwell,,kid,Speedwell-01,1,blood,CO-34054,1,1,Speedwell_1_1
2022,2850-57645,Struthers,F,mom,Struthers-03,3,blood,CO-57645,NA,NA,NA
2022,2850-57674,Struthers,M,dad,Struthers-03,3,blood,CO-57674,NA,NA,NA
2022,2881-33688,Struthers,,kid,Struthers-03,3,blood,CO-33688,3,2,Struther's_3_2
2022,2881-33689,Struthers,,kid,Struthers-03,3,blood,CO-33689,3,2,Struther's_3_2
2022,2881-33690,Struthers,,kid,Struthers-03,3,blood,CO-33690,3,2,Struther's_3_2
2022,2881-33691,Struthers,,kid,Struthers-03,3,blood,CO-33691,3,2,Struther's_3_2
2022,2811-83056,Struthers,,kid,Struthers-10,10,blood,CO-83056,10,1,Struther's_10_1
2022,2811-83057,Struthers,,kid,Struthers-10,10,blood,CO-83057,10,1,Struther's_10_1
2022,2811-83058,Struthers,,kid,Struthers-10,10,blood,CO-83058,10,1,Struther's_10_1
2022,2811-83059,Struthers,,kid,Struthers-10,10,blood,CO-83059,10,1,Struther's_10_1
2022,2811-83060,Struthers,,kid,Struthers-10,10,blood,CO-83060,10,1,Struther's_10_1
2022,2850-57551,Struthers,F,mom,Struthers-10,10,blood,CO-57551,NA,NA,NA
2022,2850-57552,Struthers,M,dad,Struthers-10,10,blood,CO-57552,NA,NA,NA
2022,2881-34046,Struthers,,kid,Struthers-10,20,blood,CO-34046,20,2,Struther's_20_2
2022,2881-34047,Struthers,,kid,Struthers-10,20,blood,CO-34047,20,2,Struther's_20_2
2022,2881-34048,Struthers,,kid,Struthers-10,20,blood,CO-34048,20,2,Struther's_20_2
2022,2881-34049,Struthers,,kid,Struthers-10,20,blood,CO-34049,20,2,Struther's_20_2
2022,2881-34050,Struthers,,kid,Struthers-10,20,blood,CO-34050,20,2,Struther's_20_2
2022,2870-64911,CHR,UNB juvenile,kid,unknown,#N/A,blood,CO-64911,NA,NA,NA
2022,2811-83098,Urban Farm Girlz,,kid,UrbanFarm-02,2,blood,CO-83098,2,1,Urban Farm_2_1
2022,2811-83099,Urban Farm Girlz,,kid,UrbanFarm-02,2,blood,CO-83099,2,1,Urban Farm_2_1
2022,2811-83100,Urban Farm Girlz,,kid,UrbanFarm-02,2,blood,CO-83100,2,1,Urban Farm_2_1
2022,2850-57608,Urban Farm Girlz,F,mom,UrbanFarm-02,,,CO-57608,NA,NA,NA
2022,2850-57899,Urban Farm Girlz,M,dad,UrbanFarm-02,2,blood,CO-57899,NA,NA,NA
2022,2850-57629,Urban Farm Girlz,F,mom,UrbanFarm-08,8,blood,CO-57629,NA,NA,NA
2022,2850-57868,Urban Farm Girlz,M,dad,UrbanFarm-08,8,blood,CO-57868,NA,NA,NA
2022,2881-33601,Urban Farm Girlz,,kid,UrbanFarm-08,8,blood,CO-33601,8,1,Urban Farm_8_1
2022,2881-33602,Urban Farm Girlz,,kid,UrbanFarm-08,8,blood,CO-33602,8,1,Urban Farm_8_1
2022,2881-33603,Urban Farm Girlz,,kid,UrbanFarm-08,8,blood,CO-33603,8,1,Urban Farm_8_1
2022,2881-33684,Urban Farm Girlz,,kid,UrbanFarm-08,8.2,blood,CO-33684,8,2,Urban Farm_8_2
2022,2881-33685,Urban Farm Girlz,,kid,UrbanFarm-08,8.2,blood,CO-33685,8,2,Urban Farm_8_2
2022,2881-33686,Urban Farm Girlz,,kid,UrbanFarm-08,8.2,blood,CO-33686,8,2,Urban Farm_8_2
2022,2881-33687,Urban Farm Girlz,,kid,UrbanFarm-08,8.2,blood,CO-33687,8,2,Urban Farm_8_2
