"mom","site","nest","fert.start","fert.end","active.start","active.end","attempt","ci","BarnNest","dad","matID"
"2640-97331","CHR",29,2022-05-11,2022-05-21,2022-05-11,2022-06-27,1,2022-05-18,"CHR-29","2850-57808","CHR-29_2640-97331_2850-57808_1"
"2640-97358","CHR",32,2022-05-06,2022-05-16,2022-05-06,2022-06-23,1,2022-05-13,"CHR-32","2850-57731","CHR-32_2640-97358_2850-57731_1"
"2640-97596","Make Believe",73,2022-05-09,2022-05-19,2022-05-09,2022-06-27,1,2022-05-16,"Make Believe-73","2350-21085","Make Believe-73_2640-97596_2350-21085_1"
"2811-38984","CHR",102,2022-05-09,2022-05-19,2022-05-09,2022-06-26,1,2022-05-16,"CHR-102","2640-97589","CHR-102_2811-38984_2640-97589_1"
"2811-83207","Dome House",1,2022-05-26,2022-06-03,2022-05-26,2022-07-09,1,2022-06-02,"Dome House-1","2850-57643","Dome House-1_2811-83207_2850-57643_1"
"2850-57550","Mary Ann's",1,2022-07-22,2022-07-31,2022-07-22,2022-09-01,1,2022-07-29,"Mary Ann's-1","2870-64916","Mary Ann's-1_2850-57550_2870-64916_1"
"2850-57551","Struthers",10,2022-05-04,2022-05-14,2022-05-04,2022-06-18,1,2022-05-11,"Struthers-10","2850-57552","Struthers-10_2850-57551_2850-57552_1"
"2850-57568","CHR",96,2022-05-11,2022-05-21,2022-05-11,2022-07-02,1,2022-05-18,"CHR-96","2850-57806","CHR-96_2850-57568_2850-57806_1"
"2850-57571","CHR",58,2022-05-17,2022-05-26,2022-05-17,2022-06-10,1,2022-05-24,"CHR-58","2850-57579","CHR-58_2850-57571_2850-57579_1"
"2850-57575","Cooks",4,2022-05-26,2022-06-04,2022-05-26,2022-07-06,1,2022-06-02,"Cooks-4","2850-57574","Cooks-4_2850-57575_2850-57574_1"
"2850-57576","Make Believe",14,2022-05-21,2022-05-31,2022-05-21,2022-07-06,1,2022-05-28,"Make Believe-14","2850-57518","Make Believe-14_2850-57576_2850-57518_1"
"2850-57583","CHR",97,2022-05-21,2022-05-31,2022-05-21,2022-07-12,1,2022-05-28,"CHR-97","2850-57589","CHR-97_2850-57583_2850-57589_1"
"2850-57584","CHR",7,2022-05-28,2022-06-07,2022-05-28,2022-06-15,1,2022-06-04,"CHR-7","unb-CHR-7and9","CHR-7_2850-57584_unb-CHR-7and9_1"
"2850-57585","CHR",4,2022-05-24,2022-06-02,2022-05-24,2022-07-11,1,2022-05-31,"CHR-4","2811-83208","CHR-4_2850-57585_2811-83208_1"
"2850-57586","CHR",33,2022-05-24,2022-06-03,2022-05-24,2022-06-28,1,2022-05-31,"CHR-33","2850-57669","CHR-33_2850-57586_2850-57669_1"
"2850-57588","CHR",86,2022-05-24,2022-06-02,2022-05-24,2022-06-25,1,2022-05-31,"CHR-86","2850-57653","CHR-86_2850-57588_2850-57653_1"
"2850-57608","Urban Farm Girlz",2,2022-05-13,2022-05-22,2022-05-13,2022-06-23,1,2022-05-20,"Urban Farm Girlz-2","2850-57899","Urban Farm Girlz-2_2850-57608_2850-57899_1"
"2850-57609","Cooks",6,2022-05-08,2022-05-18,2022-05-08,2022-06-19,1,2022-05-15,"Cooks-6","2850-57557","Cooks-6_2850-57609_2850-57557_1"
"2850-57612","Blue Cloud",18,2022-05-04,2022-05-14,2022-05-04,2022-06-19,1,2022-05-11,"Blue Cloud-18","2640-97548","Blue Cloud-18_2850-57612_2640-97548_1"
"2850-57629","Urban Farm Girlz",8,2022-06-04,2022-06-13,2022-06-04,2022-07-18,1,2022-06-11,"Urban Farm Girlz-8","2850-57868","Urban Farm Girlz-8_2850-57629_2850-57868_1"
"2850-57635","Make Believe",34,2022-05-24,2022-06-03,2022-05-24,2022-07-10,1,2022-05-31,"Make Believe-34","2850-57668","Make Believe-34_2850-57635_2850-57668_1"
"2850-57637","Cooks",2,2022-05-16,2022-05-26,2022-05-16,2022-06-28,1,2022-05-23,"Cooks-2","2850-57633","Cooks-2_2850-57637_2850-57633_1"
"2850-57640","McCauley",1,2022-05-16,2022-05-23,2022-05-16,2022-06-29,1,2022-05-23,"McCauley-1","2850-57639","McCauley-1_2850-57640_2850-57639_1"
"2850-57641","Sol y Sombra",2,2022-05-22,2022-06-01,2022-05-22,2022-07-03,1,2022-05-29,"Sol y Sombra-2","2850-57642","Sol y Sombra-2_2850-57641_2850-57642_1"
"2850-57645","Struthers",22,2022-06-03,2022-06-13,2022-06-03,2022-07-23,1,2022-06-10,"Struthers-22","2850-57674","Struthers-22_2850-57645_2850-57674_1"
"2850-57648","CHR",133,2022-06-03,2022-06-11,2022-06-03,2022-06-22,1,2022-06-10,"CHR-133","2850-57570","CHR-133_2850-57648_2850-57570_1"
"2850-57649","CHR",39,2022-05-24,2022-06-02,2022-05-24,2022-07-11,1,2022-05-31,"CHR-39","2850-57620","CHR-39_2850-57649_2850-57620_1"
"2850-57650","CHR",25,2022-05-16,2022-05-27,2022-05-16,2022-07-11,1,2022-05-23,"CHR-25","2850-57881","CHR-25_2850-57650_2850-57881_1"
"2850-57652","CHR",66,2022-05-15,2022-05-23,2022-05-15,2022-07-02,1,2022-05-22,"CHR-66","2850-57581","CHR-66_2850-57652_2850-57581_1"
"2850-57654","CHR",80,2022-05-25,2022-06-03,2022-05-25,2022-07-05,1,2022-06-01,"CHR-80","2850-57580","CHR-80_2850-57654_2850-57580_1"
"2850-57655","CHR",82,2022-05-19,2022-05-29,2022-05-19,2022-06-22,1,2022-05-26,"CHR-82","2850-57745","CHR-82_2850-57655_2850-57745_1"
"2850-57656","CHR",78,2022-06-01,2022-06-11,2022-06-01,2022-07-22,1,2022-06-08,"CHR-78","2850-57744","CHR-78_2850-57656_2850-57744_1"
"2850-57661","Karen's",1,2022-05-23,2022-06-01,2022-05-23,2022-06-27,1,2022-05-30,"Karen's-1","2850-57662","Karen's-1_2850-57661_2850-57662_1"
"2850-57663","Cooks",31,2022-05-22,2022-05-31,2022-05-22,2022-07-11,1,2022-05-29,"Cooks-31","2850-57573","Cooks-31_2850-57663_2850-57573_1"
"2850-57664","Cooks",27,2022-06-11,2022-06-20,2022-06-11,2022-07-22,1,2022-06-18,"Cooks-27","2850-57676","Cooks-27_2850-57664_2850-57676_1"
"2850-57667","Cathy's",1,2022-05-31,2022-06-10,2022-05-31,2022-07-05,1,2022-06-07,"Cathy's-1","2850-57666","Cathy's-1_2850-57667_2850-57666_1"
"2850-57670","CHR",73,2022-05-28,2022-06-07,2022-05-28,2022-07-09,1,2022-06-04,"CHR-73","2850-57671","CHR-73_2850-57670_2850-57671_1"
"2850-57672","Cooks",17,2022-05-25,2022-06-03,2022-05-25,2022-07-21,1,2022-06-01,"Cooks-17","2850-57673","Cooks-17_2850-57672_2850-57673_1"
"2850-57683","Struthers",23,2022-06-26,2022-07-05,2022-06-26,2022-08-06,1,2022-07-03,"Struthers-23","2850-57684","Struthers-23_2850-57683_2850-57684_1"
"2850-57696","CHR",77,2022-05-06,2022-05-16,2022-05-06,2022-06-25,1,2022-05-13,"CHR-77","unb-CHR-77","CHR-77_2850-57696_unb-CHR-77_1"
"2850-57700","Cooks",33,2022-06-29,2022-07-08,2022-06-29,2022-08-09,1,2022-07-06,"Cooks-33","2870-64915","Cooks-33_2850-57700_2870-64915_1"
"2850-57730","CHR",93,2022-05-07,2022-05-17,2022-05-07,2022-06-23,1,2022-05-14,"CHR-93","2640-97588","CHR-93_2850-57730_2640-97588_1"
"2850-57735","CHR",37,2022-05-11,2022-05-21,2022-05-11,2022-07-01,1,2022-05-18,"CHR-37","2850-57806","CHR-37_2850-57735_2850-57806_1"
"2850-57736","CHR",43,2022-05-22,2022-06-01,2022-05-22,2022-07-03,1,2022-05-29,"CHR-43","2850-57567","CHR-43_2850-57736_2850-57567_1"
"2850-57737","CHR",76,2022-05-31,2022-06-10,2022-05-31,2022-06-25,1,2022-06-07,"CHR-76","unb-CHR-76and12","CHR-76_2850-57737_unb-CHR-76and12_1"
"2850-57741","Erica's",1,2022-05-15,2022-05-23,2022-05-15,2022-06-15,1,2022-05-22,"Erica's-1","2811-00632","Erica's-1_2850-57741_2811-00632_1"
"2850-57746","CHR",74,2022-05-23,2022-06-01,2022-05-23,2022-07-13,1,2022-05-30,"CHR-74","2850-57582","CHR-74_2850-57746_2850-57582_1"
"2850-57749","Cooks",13,2022-06-27,2022-07-06,2022-06-27,2022-08-07,1,2022-07-04,"Cooks-13","2850-57675","Cooks-13_2850-57749_2850-57675_1"
"2850-57753","McCauley",4,2022-07-13,2022-07-23,2022-07-13,2022-08-24,1,2022-07-20,"McCauley-4","2850-57752","McCauley-4_2850-57753_2850-57752_1"
"2850-57846","CHR",110,2022-05-14,2022-05-23,2022-05-14,2022-06-28,1,2022-05-21,"CHR-110","2850-57742","CHR-110_2850-57846_2850-57742_1"
"2850-57853","Cooks",29,2022-05-06,2022-05-16,2022-05-06,2022-06-24,1,2022-05-13,"Cooks-29","2850-57638","Cooks-29_2850-57853_2850-57638_1"
"2850-57869","Blue Cloud",4,2022-05-15,2022-05-22,2022-05-15,2022-06-28,1,2022-05-22,"Blue Cloud-4","2850-57659","Blue Cloud-4_2850-57869_2850-57659_1"
"2850-57870","Blue Cloud",19,2022-05-14,2022-05-22,2022-05-14,2022-06-14,1,2022-05-21,"Blue Cloud-19","2850-57565","Blue Cloud-19_2850-57870_2850-57565_1"
"2850-57871","Blue Cloud",22,2022-05-08,2022-05-16,2022-05-08,2022-06-19,1,2022-05-15,"Blue Cloud-22","2850-57614","Blue Cloud-22_2850-57871_2850-57614_1"
"2850-57872","Make Believe",26,2022-05-23,2022-06-01,2022-05-23,2022-07-11,1,2022-05-30,"Make Believe-26","2850-57873","Make Believe-26_2850-57872_2850-57873_1"
"2850-57874","Make Believe",8,2022-05-24,2022-06-02,2022-05-24,2022-07-08,1,2022-05-31,"Make Believe-8","2850-57875","Make Believe-8_2850-57874_2850-57875_1"
"2850-57876","Make Believe",62,2022-06-03,2022-06-12,2022-06-03,2022-07-06,1,2022-06-10,"Make Believe-62","2850-57680","Make Believe-62_2850-57876_2850-57680_1"
"2850-57878","Make Believe",13,2022-06-07,2022-06-17,2022-06-07,2022-07-19,1,2022-06-14,"Make Believe-13","2850-57877","Make Believe-13_2850-57878_2850-57877_1"
"2850-57879","CHR",112,2022-05-29,2022-06-08,2022-05-29,2022-07-21,1,2022-06-05,"CHR-112","2850-57647","CHR-112_2850-57879_2850-57647_1"
"2850-57883","CHR",99,2022-05-30,2022-06-09,2022-05-30,2022-07-18,1,2022-06-06,"CHR-99","2850-57578","CHR-99_2850-57883_2850-57578_1"
"2850-57885","Blue Cloud",26,2022-06-07,2022-06-16,2022-06-07,2022-07-01,1,2022-06-14,"Blue Cloud-26","2870-64905","Blue Cloud-26_2850-57885_2870-64905_1"
"2850-57886","Blue Cloud",27,2022-06-16,2022-06-25,2022-06-16,2022-07-27,1,2022-06-23,"Blue Cloud-27","unb-BC-27","Blue Cloud-27_2850-57886_unb-BC-27_1"
"2870-64908","CHR",11,2022-06-18,2022-06-27,2022-06-18,2022-08-02,1,2022-06-25,"CHR-11","2850-57733","CHR-11_2870-64908_2850-57733_1"
"2870-64909","CHR",148,2022-07-23,2022-08-02,2022-07-23,2022-09-03,1,2022-07-30,"CHR-148","2850-57582","CHR-148_2870-64909_2850-57582_1"
"2870-65003","CHR",128,2022-06-03,2022-06-12,2022-06-03,2022-07-21,1,2022-06-10,"CHR-128","2850-57577","CHR-128_2870-65003_2850-57577_1"
"2870-65004","CHR",145,2022-06-20,2022-06-28,2022-06-20,2022-07-30,1,2022-06-27,"CHR-145","unb-CHR-145","CHR-145_2870-65004_unb-CHR-145_1"
"2640-97331","CHR",27,2022-06-28,2022-07-07,2022-06-28,2022-08-08,2,2022-07-05,"CHR-27","2850-57808","CHR-27_2640-97331_2850-57808_2"
"2640-97358","CHR",109,2022-06-24,2022-07-03,2022-06-24,2022-08-03,2,2022-07-01,"CHR-109","2850-57731","CHR-109_2640-97358_2850-57731_2"
"2640-97596","Make Believe",73,2022-06-28,2022-07-08,2022-06-28,2022-08-09,2,2022-07-05,"Make Believe-73","2350-21085","Make Believe-73_2640-97596_2350-21085_2"
"2811-38984","CHR",102,2022-06-27,2022-07-07,2022-06-27,2022-08-08,2,2022-07-04,"CHR-102","2640-97589","CHR-102_2811-38984_2640-97589_2"
"2811-83207","Dome House",2,2022-07-10,2022-07-20,2022-07-10,2022-08-21,2,2022-07-17,"Dome House-2","2850-57643","Dome House-2_2811-83207_2850-57643_2"
"2850-57551","Struthers",20,2022-06-19,2022-06-30,2022-06-19,2022-08-01,2,2022-06-26,"Struthers-20","2850-57552","Struthers-20_2850-57551_2850-57552_2"
"2850-57568","CHR",96,2022-07-03,2022-07-13,2022-07-03,2022-08-14,2,2022-07-10,"CHR-96","2850-57806","CHR-96_2850-57568_2850-57806_2"
"2850-57571","CHR",139,2022-06-11,2022-06-20,2022-06-11,2022-07-22,2,2022-06-18,"CHR-139","2850-57579","CHR-139_2850-57571_2850-57579_2"
"2850-57576","Make Believe",69,2022-07-07,2022-07-16,2022-07-07,2022-08-17,2,2022-07-14,"Make Believe-69","2850-57518","Make Believe-69_2850-57576_2850-57518_2"
"2850-57583","CHR",19,2022-07-13,2022-07-22,2022-07-13,2022-08-23,2,2022-07-20,"CHR-19","2850-57589","CHR-19_2850-57583_2850-57589_2"
"2850-57584","CHR",9,2022-06-16,2022-06-25,2022-06-16,2022-07-27,2,2022-06-23,"CHR-9","unb-CHR-7and9","CHR-9_2850-57584_unb-CHR-7and9_2"
"2850-57585","CHR",4,2022-07-12,2022-07-21,2022-07-12,2022-08-22,2,2022-07-19,"CHR-4","2811-83208","CHR-4_2850-57585_2811-83208_2"
"2850-57586","CHR",33,2022-06-29,2022-07-05,2022-06-29,2022-07-16,2,2022-07-06,"CHR-33","2850-57669","CHR-33_2850-57586_2850-57669_2"
"2850-57588","CHR",45,2022-06-26,2022-07-06,2022-06-26,2022-08-07,2,2022-07-03,"CHR-45","2850-57653","CHR-45_2850-57588_2850-57653_2"
"2850-57612","Blue Cloud",21,2022-06-20,2022-06-30,2022-06-20,2022-08-01,2,2022-06-27,"Blue Cloud-21","2640-97548","Blue Cloud-21_2850-57612_2640-97548_2"
"2850-57629","Urban Farm Girlz",8,2022-07-19,2022-07-29,2022-07-19,2022-08-30,2,2022-07-26,"Urban Farm Girlz-8","2850-57868","Urban Farm Girlz-8_2850-57629_2850-57868_2"
"2850-57635","Make Believe",38,2022-07-11,2022-07-21,2022-07-11,2022-08-22,2,2022-07-18,"Make Believe-38","2850-57668","Make Believe-38_2850-57635_2850-57668_2"
"2850-57637","Cooks",22,2022-06-29,2022-07-07,2022-06-29,2022-07-15,2,2022-07-06,"Cooks-22","2850-57633","Cooks-22_2850-57637_2850-57633_2"
"2850-57640","McCauley",2,2022-06-30,2022-07-10,2022-06-30,2022-08-11,2,2022-07-07,"McCauley-2","2850-57639","McCauley-2_2850-57640_2850-57639_2"
"2850-57645","Struthers",3,2022-07-24,2022-08-02,2022-07-24,2022-09-03,2,2022-07-31,"Struthers-3","2850-57674","Struthers-3_2850-57645_2850-57674_2"
"2850-57648","CHR",151,2022-06-23,2022-07-02,2022-06-23,2022-08-03,2,2022-06-30,"CHR-151","2850-57570","CHR-151_2850-57648_2850-57570_2"
"2850-57649","CHR",39,2022-07-12,2022-07-21,2022-07-12,2022-08-22,2,2022-07-19,"CHR-39","2850-57620","CHR-39_2850-57649_2850-57620_2"
"2850-57650","CHR",95,2022-07-12,2022-07-21,2022-07-12,2022-08-22,2,2022-07-19,"CHR-95","2850-57881","CHR-95_2850-57650_2850-57881_2"
"2850-57652","CHR",16,2022-07-03,2022-07-12,2022-07-03,2022-08-13,2,2022-07-10,"CHR-16","2850-57581","CHR-16_2850-57652_2850-57581_2"
"2850-57655","CHR",115,2022-06-23,2022-07-01,2022-06-23,2022-08-02,2,2022-06-30,"CHR-115","2850-57745","CHR-115_2850-57655_2850-57745_2"
"2850-57656","CHR",78,2022-07-23,2022-08-01,2022-07-23,2022-09-02,2,2022-07-30,"CHR-78","2850-57744","CHR-78_2850-57656_2850-57744_2"
"2850-57661","Karen's",1,2022-06-28,2022-07-08,2022-06-28,2022-08-09,2,2022-07-05,"Karen's-1","2850-57662","Karen's-1_2850-57661_2850-57662_2"
"2850-57663","Cooks",14,2022-07-12,2022-07-21,2022-07-12,2022-08-22,2,2022-07-19,"Cooks-14","2850-57573","Cooks-14_2850-57663_2850-57573_2"
"2850-57667","Cathy's",1,2022-07-06,2022-07-15,2022-07-06,2022-07-24,2,2022-07-13,"Cathy's-1","2850-57666","Cathy's-1_2850-57667_2850-57666_2"
"2850-57672","Cooks",7,2022-07-22,2022-07-28,2022-07-22,2022-08-29,2,2022-07-29,"Cooks-7","2850-57673","Cooks-7_2850-57672_2850-57673_2"
"2850-57696","CHR",77,2022-06-26,2022-07-05,2022-06-26,2022-08-06,2,2022-07-03,"CHR-77","unb-CHR-77","CHR-77_2850-57696_unb-CHR-77_2"
"2850-57730","CHR",93,2022-06-24,2022-07-04,2022-06-24,2022-08-05,2,2022-07-01,"CHR-93","2640-97588","CHR-93_2850-57730_2640-97588_2"
"2850-57735","CHR",119,2022-07-02,2022-07-11,2022-07-02,2022-08-12,2,2022-07-09,"CHR-119","2850-57806","CHR-119_2850-57735_2850-57806_2"
"2850-57737","CHR",12,2022-06-26,2022-07-05,2022-06-26,2022-08-06,2,2022-07-03,"CHR-12","unb-CHR-76and12","CHR-12_2850-57737_unb-CHR-76and12_2"
"2850-57741","Erica's",2,2022-06-16,2022-06-25,2022-06-16,2022-07-16,2,2022-06-23,"Erica's-2","2811-00632","Erica's-2_2850-57741_2811-00632_2"
"2850-57746","CHR",6,2022-07-14,2022-07-24,2022-07-14,2022-08-25,2,2022-07-21,"CHR-6","2850-57582","CHR-6_2850-57746_2850-57582_2"
"2850-57846","CHR",52,2022-06-29,2022-07-09,2022-06-29,2022-08-10,2,2022-07-06,"CHR-52","2850-57742","CHR-52_2850-57846_2850-57742_2"
"2850-57853","Cooks",8,2022-06-25,2022-07-05,2022-06-25,2022-08-06,2,2022-07-02,"Cooks-8","2850-57638","Cooks-8_2850-57853_2850-57638_2"
"2850-57869","Blue Cloud",17,2022-06-29,2022-07-08,2022-06-29,2022-08-09,2,2022-07-06,"Blue Cloud-17","2850-57659","Blue Cloud-17_2850-57869_2850-57659_2"
"2850-57870","Blue Cloud",24,2022-06-15,2022-06-25,2022-06-15,2022-07-27,2,2022-06-22,"Blue Cloud-24","2850-57565","Blue Cloud-24_2850-57870_2850-57565_2"
"2850-57871","Blue Cloud",14,2022-06-20,2022-06-29,2022-06-20,2022-07-31,2,2022-06-27,"Blue Cloud-14","2850-57614","Blue Cloud-14_2850-57871_2850-57614_2"
"2850-57872","Make Believe",48,2022-07-12,2022-07-21,2022-07-12,2022-08-22,2,2022-07-19,"Make Believe-48","2850-57873","Make Believe-48_2850-57872_2850-57873_2"
"2850-57874","Make Believe",8,2022-07-09,2022-07-19,2022-07-09,2022-08-20,2,2022-07-16,"Make Believe-8","2850-57875","Make Believe-8_2850-57874_2850-57875_2"
"2850-57876","Make Believe",62,2022-07-07,2022-07-15,2022-07-07,2022-08-16,2,2022-07-14,"Make Believe-62","2850-57750","Make Believe-62_2850-57876_2850-57750_2"
"2850-57879","CHR",112,2022-07-22,2022-08-01,2022-07-22,2022-09-02,2,2022-07-29,"CHR-112","2850-57647","CHR-112_2850-57879_2850-57647_2"
"2850-57883","CHR",99,2022-07-19,2022-07-28,2022-07-19,2022-08-29,2,2022-07-26,"CHR-99","2850-57578","CHR-99_2850-57883_2850-57578_2"
"2850-57885","Blue Cloud",26,2022-07-02,2022-07-11,2022-07-02,2022-08-12,2,2022-07-09,"Blue Cloud-26","2870-64905","Blue Cloud-26_2850-57885_2870-64905_2"
"2870-64908","CHR",101,2022-08-03,2022-08-12,2022-08-03,2022-09-13,2,2022-08-10,"CHR-101","2850-57733","CHR-101_2870-64908_2850-57733_2"
"2870-65003","CHR",150,2022-07-22,2022-08-01,2022-07-22,2022-09-02,2,2022-07-29,"CHR-150","2850-57577","CHR-150_2870-65003_2850-57577_2"
"2640-97358","CHR",32,2022-08-04,2022-08-12,2022-08-04,2022-09-13,3,2022-08-11,"CHR-32","2850-57731","CHR-32_2640-97358_2850-57731_3"
"2850-57586","CHR",149,2022-07-17,2022-07-27,2022-07-17,2022-08-28,3,2022-07-24,"CHR-149","2850-57669","CHR-149_2850-57586_2850-57669_3"
"2850-57637","Cooks",22,2022-07-16,2022-07-25,2022-07-16,2022-08-26,3,2022-07-23,"Cooks-22","2850-57633","Cooks-22_2850-57637_2850-57633_3"
"2850-57667","Cathy's",2,2022-07-25,2022-08-03,2022-07-25,2022-09-04,3,2022-08-01,"Cathy's-2","2850-57666","Cathy's-2_2850-57667_2850-57666_3"
"2850-57741","Erica's",3,2022-07-17,2022-07-27,2022-07-17,2022-08-28,3,2022-07-24,"Erica's-3","2811-00632","Erica's-3_2850-57741_2811-00632_3"
