"Year","Band","Site","Sex","Type","FamilyID","Tissue","Seq.ID","Nest","Brood","clutch_id","New2023","Notes"
2021,"2850-57625","Alishas","M","dad","none","blood","CO-57625",NA,NA,NA,"No",""
2021,"2850-57628","Alishas","M","dad","none","blood","CO-57628",NA,NA,NA,"No",""
2021,"2850-57630","Alishas","M","dad","none","blood","CO-57630",NA,NA,NA,"No",""
2021,"2850-57631","Alishas","M","dad","none","blood","CO-57631",NA,NA,NA,"No",""
2021,"2850-57915","Alishas","M","dad","none","blood","CO-57915",NA,NA,NA,"No",""
2021,"2850-57916","Alishas","M","dad","none","blood","CO-57916",NA,NA,NA,"No",""
2021,"2850-57917","Alishas","M","dad","none","blood","CO-57917",NA,NA,NA,"No",""
2021,"2811-83404","Blue Cloud","","kid","BlueCloud-09","blood","CO-83404",21,"1","Blue Cloud_21_1","No",""
2021,"2811-83405","Blue Cloud","","kid","BlueCloud-09","blood","CO-83405",21,"1","Blue Cloud_21_1","No",""
2021,"2811-83406","Blue Cloud","","kid","BlueCloud-09","blood","CO-83406",21,"1","Blue Cloud_21_1","No",""
2021,"2811-83407","Blue Cloud","","kid","BlueCloud-09","blood","CO-83407",21,"1","Blue Cloud_21_1","No",""
2021,"2811-83408","Blue Cloud","","kid","BlueCloud-09","blood","CO-83408",21,"1","Blue Cloud_21_1","No",""
2021,"E29","Blue Cloud","","egg","BlueCloud-09","egg","CO-E29",9,"collected","BlueCloud-09_collected","No",""
2021,"E30","Blue Cloud","","egg","BlueCloud-09","egg","CO-E30",9,"collected","BlueCloud-09_collected","No",""
2021,"E31","Blue Cloud","","egg","BlueCloud-09","egg","CO-E31",9,"collected","BlueCloud-09_collected","No",""
2021,"E32","Blue Cloud","","egg","BlueCloud-09","egg","CO-E32",9,"collected","BlueCloud-09_collected","No",""
2021,"E33","Blue Cloud","","egg","BlueCloud-09","egg","CO-E33",9,"collected","BlueCloud-09_collected","No",""
2021,"2850-57612","Blue Cloud","F","mom","BlueCloud-09","blood","CO-57612",NA,NA,NA,"No",""
2021,"2850-57901","Blue Cloud","M","dad","BlueCloud-09","blood","CO-57901",NA,NA,NA,"No",""
2021,"2811-82979","Blue Cloud","","kid","BlueCloud-14","blood","CO-82979",22,"1","Blue Cloud_22_2","No",""
2021,"2811-82980","Blue Cloud","","kid","BlueCloud-14","blood","CO-82980",22,"1","Blue Cloud_22_2","No",""
2021,"2811-82981","Blue Cloud","","kid","BlueCloud-14","blood","CO-82981",22,"1","Blue Cloud_22_2","No",""
2021,"2811-82982","Blue Cloud","","kid","BlueCloud-14","blood","CO-82982",22,"1","Blue Cloud_22_2","No",""
2021,"2811-82983","Blue Cloud","","kid","BlueCloud-14","blood","CO-82983",22,"1","Blue Cloud_22_2","No",""
2021,"E48","Blue Cloud","","egg","BlueCloud-14","egg","CO-E48",14,"collected","BlueCloud-14_collected","No",""
2021,"E49","Blue Cloud","","egg","BlueCloud-14","egg","CO-E49",14,"collected","BlueCloud-14_collected","No",""
2021,"E50","Blue Cloud","","egg","BlueCloud-14","egg","CO-E50",14,"collected","BlueCloud-14_collected","No",""
2021,"E51","Blue Cloud","","egg","BlueCloud-14","egg","CO-E51",14,"collected","BlueCloud-14_collected","No",""
2021,"2850-57610","Blue Cloud","F","mom","BlueCloud-14","blood","CO-57610",NA,NA,NA,"No",""
2021,"2850-57614","Blue Cloud","M","dad","BlueCloud-14","blood","CO-57614",NA,NA,NA,"No",""
2021,"2811-39179","Blue Cloud","","kid","BlueCloud-17","blood","CO-39179",17,"1","Blue Cloud_17_1","Yes","no lysis collected from mom (2850-57618), dad UNB, nest in back stall"
2021,"2811-39180","Blue Cloud","","kid","BlueCloud-17","blood","CO-39180",17,"1","Blue Cloud_17_1","Yes","no lysis collected from mom (2850-57618), dad UNB, nest in back stall"
2021,"E25","Blue Cloud","","egg","BlueCloud-18","egg","CO-E25",18,"collected","Blue Cloud_18_collected","Yes",""
2021,"E26","Blue Cloud","","egg","BlueCloud-18","egg","CO-E26",18,"collected","Blue Cloud_18_collected","Yes",""
2021,"E27","Blue Cloud","","egg","BlueCloud-18","egg","CO-E27",18,"collected","Blue Cloud_18_collected","Yes",""
2021,"E28","Blue Cloud","","egg","BlueCloud-18","egg","CO-E28",18,"collected","Blue Cloud_18_collected","Yes",""
2021,"2640-97548","Blue Cloud","M","dad","BlueCloud-18","blood","CO-97548",NA,NA,NA,"No",""
2021,"2811-82991","Blue Cloud","","kid","BlueCloud-19","blood","CO-82991",24,"2","Blue Cloud_24_2","Yes",""
2021,"2811-82992","Blue Cloud","","kid","BlueCloud-19","blood","CO-82992",24,"2","Blue Cloud_24_2","Yes",""
2021,"2811-82993","Blue Cloud","","kid","BlueCloud-19","blood","CO-82993",24,"2","Blue Cloud_24_2","Yes",""
2021,"2811-82994","Blue Cloud","","kid","BlueCloud-19","blood","CO-82994",24,"2","Blue Cloud_24_2","Yes",""
2021,"2850-57565","Blue Cloud","M","dad","BlueCloud-19","blood","CO-57565",NA,NA,NA,"No",""
2021,"2850-57613","Blue Cloud","","mom","BlueCloud-19","blood","CO-57613",NA,"","","Yes",""
2021,"2850-57636","Blue Cloud","M","dad","none","blood","CO-57636",NA,NA,NA,"No",""
2021,"2811-38691","Cathys","","mom","Cathys-02","blood","CO-38691",2,"1","","Yes",""
2021,"2811-82960","Cathys","","kid","Cathys-02","blood","CO-82960",2,"1","Cathys_2_1","Yes",""
2021,"2811-82961","Cathys","","kid","Cathys-02","blood","CO-82961",2,"1","Cathys_2_1","Yes",""
2021,"2811-82962","Cathys","","kid","Cathys-02","blood","CO-82962",2,"1","Cathys_2_1","Yes",""
2021,"2850-57599","Cathys","M","dad","Cathys-02","blood","CO-57599",NA,NA,NA,"No",""
2021,"2811-82984","Cathys","","kid","Cathys-03","blood","CO-82984",1,"1","Mary Anns_1_2","No",""
2021,"2811-82985","Cathys","","kid","Cathys-03","blood","CO-82985",1,"1","Mary Anns_1_2","No",""
2021,"2811-82986","Cathys","","kid","Cathys-03","blood","CO-82986",1,"1","Mary Anns_1_2","No",""
2021,"2811-82987","Cathys","","kid","Cathys-03","blood","CO-82987",1,"1","Mary Anns_1_2","No",""
2021,"E34","Cathys","","egg","Cathys-03","egg","CO-E34",3,"collected","Cathys-03_collected","No",""
2021,"E35","Cathys","","egg","Cathys-03","egg","CO-E35",3,"collected","Cathys-03_collected","No",""
2021,"E36","Cathys","","egg","Cathys-03","egg","CO-E36",3,"collected","Cathys-03_collected","No",""
2021,"E37","Cathys","","egg","Cathys-03","egg","CO-E37",3,"collected","Cathys-03_collected","No",""
2021,"2850-57549","Cathys","M","dad","Cathys-03","blood","CO-57549",NA,NA,NA,"No",""
2021,"2850-57550","Cathys","F","mom","Cathys-03","blood","CO-57550",NA,NA,NA,"No",""
2021,"2811-83023","Cooks","","kid","Cooks-18","blood","CO-83023",1,"2","Cooks_1_2","Yes",""
2021,"2811-83024","Cooks","","kid","Cooks-18","blood","CO-83024",1,"2","Cooks_1_2","Yes",""
2021,"2811-83025","Cooks","","kid","Cooks-18","blood","CO-83025",1,"2","Cooks_1_2","Yes",""
2021,"2811-39190","Cooks","","kid","Cooks-18","blood","CO-39190",18,"1","Cooks_18_1","Yes",""
2021,"2811-39191","Cooks","","kid","Cooks-18","blood","CO-39191",18,"1","Cooks_18_1","Yes",""
2021,"2811-39192","Cooks","","kid","Cooks-18","blood","CO-39192",18,"1","Cooks_18_1","Yes",""
2021,"2811-39193","Cooks","","kid","Cooks-18","blood","CO-39193",18,"1","Cooks_18_1","Yes",""
2021,"2850-57602","Cooks","M","dad","Cooks-18","blood","CO-57602",NA,NA,NA,"No",""
2021,"2850-57854","Cooks","","mom","Cooks-18","blood","CO-57854",NA,"","","Yes",""
2021,"2811-82969","Cooks","","kid","Cooks-23","blood","CO-82969",22,"1","Cooks_22_1","No",""
2021,"2811-82970","Cooks","","kid","Cooks-23","blood","CO-82970",22,"1","Cooks_22_1","No",""
2021,"2811-82971","Cooks","","kid","Cooks-23","blood","CO-82971",22,"1","Cooks_22_1","No",""
2021,"2811-82972","Cooks","","kid","Cooks-23","blood","CO-82972",22,"1","Cooks_22_1","No",""
2021,"2811-82973","Cooks","","kid","Cooks-23","blood","CO-82973",22,"1","Cooks_22_1","No",""
2021,"2811-83018","Cooks","","kid","Cooks-23","blood","CO-83018",32,"2","Cooks_32_2","No",""
2021,"2811-83019","Cooks","","kid","Cooks-23","blood","CO-83019",32,"2","Cooks_32_2","No",""
2021,"2811-83020","Cooks","","kid","Cooks-23","blood","CO-83020",32,"2","Cooks_32_2","No",""
2021,"2811-83022","Cooks","","kid","Cooks-23","blood","CO-83022",32,"2","Cooks_32_2","No",""
2021,"E15","Cooks","","egg","Cooks-23","egg","CO-E15",23,"collected","Cooks-23_collected","No",""
2021,"E16","Cooks","","egg","Cooks-23","egg","CO-E16",23,"collected","Cooks-23_collected","No",""
2021,"E17","Cooks","","egg","Cooks-23","egg","CO-E17",23,"collected","Cooks-23_collected","No",""
2021,"E18","Cooks","","egg","Cooks-23","egg","CO-E18",23,"collected","Cooks-23_collected","No",""
2021,"E19","Cooks","","egg","Cooks-23","egg","CO-E19",23,"collected","Cooks-23_collected","No",""
2021,"2640-97370","Cooks","F","mom","Cooks-23","blood","CO-97370",NA,NA,NA,"No",""
2021,"2850-57505","Cooks","M","dad","Cooks-23","blood","CO-57505",NA,NA,NA,"No",""
2021,"2811-39031","Cooks","","kid","Cooks-24","blood","CO-39031",6,"1","Cooks_6_1","No",""
2021,"2811-39032","Cooks","","kid","Cooks-24","blood","CO-39032",6,"1","Cooks_6_1","No",""
2021,"2811-39033","Cooks","","kid","Cooks-24","blood","CO-39033",6,"1","Cooks_6_1","No",""
2021,"2811-39045","Cooks","","kid","Cooks-24","blood","CO-39045",6,"1","Cooks_6_1","No",""
2021,"2811-83033","Cooks","","kid","Cooks-24","blood","CO-83033",33,"2","Cooks_33_2","No",""
2021,"2811-83034","Cooks","","kid","Cooks-24","blood","CO-83034",33,"2","Cooks_33_2","No",""
2021,"2811-83035","Cooks","","kid","Cooks-24","blood","CO-83035",33,"2","Cooks_33_2","No",""
2021,"2811-83036","Cooks","","kid","Cooks-24","blood","CO-83036",33,"2","Cooks_33_2","No",""
2021,"E75","Cooks","","egg","Cooks-24","egg","CO-E75",24,"collected","Cooks-24_collected","No",""
2021,"E76","Cooks","","egg","Cooks-24","egg","CO-E76",24,"collected","Cooks-24_collected","No",""
2021,"E77","Cooks","","egg","Cooks-24","egg","CO-E77",24,"collected","Cooks-24_collected","No",""
2021,"E78","Cooks","","egg","Cooks-24","egg","CO-E78",24,"collected","Cooks-24_collected","No",""
2021,"E79","Cooks","","egg","Cooks-24","egg","CO-E79",24,"collected","Cooks-24_collected","No",""
2021,"2850-57557","Cooks","M","dad","Cooks-24","blood","CO-57557",NA,NA,NA,"No",""
2021,"2850-57609","Cooks","F","mom","Cooks-24","blood","CO-57609",NA,NA,NA,"No",""
2021,"2811-83214","Cooks","","kid","Cooks-27","blood","CO-83214",29,"2","Cooks_29_2","No",""
2021,"2811-83215","Cooks","","kid","Cooks-27","blood","CO-83215",29,"2","Cooks_29_2","No",""
2021,"2811-83216","Cooks","","kid","Cooks-27","blood","CO-83216",29,"2","Cooks_29_2","No",""
2021,"2811-83217","Cooks","","kid","Cooks-27","blood","CO-83217",29,"2","Cooks_29_2","No",""
2021,"E52","Cooks","","egg","Cooks-27","egg","CO-E52",27,"collected","Cooks-27_collected","No",""
2021,"E53","Cooks","","egg","Cooks-27","egg","CO-E53",27,"collected","Cooks-27_collected","No",""
2021,"E54","Cooks","","egg","Cooks-27","egg","CO-E54",27,"collected","Cooks-27_collected","No",""
2021,"E55","Cooks","","egg","Cooks-27","egg","CO-E55",27,"collected","Cooks-27_collected","No",""
2021,"2850-57853","Cooks","F","mom","Cooks-27","blood","CO-57853",NA,NA,NA,"No",""
2021,"2850-57912","Cooks","M","dad","Cooks-27","blood","CO-57912",NA,NA,NA,"No",""
2021,"E60","Cooks","","egg","Cooks-31","egg","CO-E60",31,"collected","Cooks-31_collected","No",""
2021,"E61","Cooks","","egg","Cooks-31","egg","CO-E61",31,"collected","Cooks-31_collected","No",""
2021,"E63","Cooks","","egg","Cooks-31","egg","CO-E63",31,"collected","Cooks-31_collected","No",""
2021,"E64","Cooks","","egg","Cooks-31","egg","CO-E64",31,"collected","Cooks-31_collected","No",""
2021,"2850-57558","Cooks","F","mom","Cooks-31","blood","CO-57558",NA,NA,NA,"No",""
2021,"2850-57633","Cooks","M","dad","Cooks-31","blood","CO-57633",NA,NA,NA,"No",""
2021,"2811-82977","Hepp (near Cook)","","kid","Cooks-31","blood","CO-82977",1,"1","Hepp (near Cook)_1_1","No",""
2021,"2811-82978","Hepp (near Cook)","","kid","Cooks-31","blood","CO-82978",1,"1","Hepp (near Cook)_1_1","No",""
2021,"2850-57620","Jims","M","dad","Jims-01","blood","CO-57620",NA,NA,NA,"No",""
2021,"2811-83047","Make Believe","","kid","MakeBelieve-17","blood","CO-83047",37,"2","Make Believe_37_2","Yes",""
2021,"2811-83048","Make Believe","","kid","MakeBelieve-17","blood","CO-83048",37,"2","Make Believe_37_2","Yes",""
2021,"2811-83049","Make Believe","","kid","MakeBelieve-17","blood","CO-83049",37,"2","Make Believe_37_2","Yes",""
2021,"2811-83050","Make Believe","","kid","MakeBelieve-17","blood","CO-83050",37,"2","Make Believe_37_2","Yes",""
2021,"2510-63488","Make Believe","M","dad","MakeBelieve-17","blood","CO-63488",NA,NA,NA,"No",""
2021,"2850-57635","Make Believe","","mom","MakeBelieve-17","blood","CO-57635",NA,"","","Yes",""
2021,"2811-82963","Make Believe","","kid","MakeBelieve-20","blood","CO-82963",70,"1","Make Believe_70_1","No",""
2021,"2811-82964","Make Believe","","kid","MakeBelieve-20","blood","CO-82964",70,"1","Make Believe_70_1","No",""
2021,"2811-82965","Make Believe","","kid","MakeBelieve-20","blood","CO-82965",70,"1","Make Believe_70_1","No",""
2021,"2811-82966","Make Believe","","kid","MakeBelieve-20","blood","CO-82966",70,"1","Make Believe_70_1","No",""
2021,"2811-82967","Make Believe","","kid","MakeBelieve-20","blood","CO-82967",70,"1","Make Believe_70_1","No",""
2021,"2811-83041","Make Believe","","kid","MakeBelieve-20","blood","CO-83041",73,"2","Make Believe_73_2","No",""
2021,"2811-83042","Make Believe","","kid","MakeBelieve-20","blood","CO-83042",73,"2","Make Believe_73_2","No",""
2021,"2811-83043","Make Believe","","kid","MakeBelieve-20","blood","CO-83043",73,"2","Make Believe_73_2","No",""
2021,"2350-21085","Make Believe","M","dad","MakeBelieve-20","blood","CO-21085",NA,NA,NA,"No",""
2021,"2640-97596","Make Believe","F","mom","MakeBelieve-20","blood","CO-97596",NA,NA,NA,"No",""
2021,"2811-83205","Make Believe","","kid","MakeBelieve-26","blood","CO-83205",34,"1","Make Believe_34_1","No",""
2021,"2811-83206","Make Believe","","kid","MakeBelieve-26","blood","CO-83206",34,"1","Make Believe_34_1","No",""
2021,"2811-83207","Make Believe","","kid","MakeBelieve-26","blood","CO-83207",34,"1","Make Believe_34_1","No",""
2021,"2811-83208","Make Believe","","kid","MakeBelieve-26","blood","CO-83208",34,"1","Make Believe_34_1","No",""
2021,"2811-83209","Make Believe","","kid","MakeBelieve-26","blood","CO-83209",34,"1","Make Believe_34_1","No",""
2021,"2881-34129","Make Believe","","kid","MakeBelieve-26","blood","CO-34129",38,"2","Make Believe_38_2","No",""
2021,"2881-34130","Make Believe","","kid","MakeBelieve-26","blood","CO-34130",38,"2","Make Believe_38_2","No",""
2021,"2881-34131","Make Believe","","kid","MakeBelieve-26","blood","CO-34131",38,"2","Make Believe_38_2","No",""
2021,"E05","Make Believe","","egg","MakeBelieve-26","egg","CO-E05",26,"collected","MakeBelieve-26_collected","No",""
2021,"E06","Make Believe","","egg","MakeBelieve-26","egg","CO-E06",26,"collected","MakeBelieve-26_collected","No",""
2021,"E07","Make Believe","","egg","MakeBelieve-26","egg","CO-E07",26,"collected","MakeBelieve-26_collected","No",""
2021,"E08","Make Believe","","egg","MakeBelieve-26","egg","CO-E08",26,"collected","MakeBelieve-26_collected","No",""
2021,"E09","Make Believe","","egg","MakeBelieve-26","egg","CO-E09",26,"collected","MakeBelieve-26_collected","No",""
2021,"2640-97347","Make Believe","F","mom","MakeBelieve-26","blood","CO-97347",NA,NA,NA,"No",""
2021,"2850-57836","Make Believe","M","dad","MakeBelieve-26","blood","CO-57836",NA,NA,NA,"No",""
2021,"2811-82916","Make Believe","M","dad","MakeBelieve-61","blood","CO-82916",NA,NA,NA,"No",""
2021,"2811-83401","Make Believe","","kid","MakeBelieve-69","blood","CO-83401",14,"1","Make Believe_14_1","No",""
2021,"2811-83402","Make Believe","","kid","MakeBelieve-69","blood","CO-83402",14,"1","Make Believe_14_1","No",""
2021,"2811-83403","Make Believe","","kid","MakeBelieve-69","blood","CO-83403",14,"1","Make Believe_14_1","No",""
2021,"E20","Make Believe","","egg","MakeBelieve-69","egg","CO-E20",69,"collected","MakeBelieve-69_collected","No",""
2021,"E21","Make Believe","","egg","MakeBelieve-69","egg","CO-E21",69,"collected","MakeBelieve-69_collected","No",""
2021,"E22","Make Believe","","egg","MakeBelieve-69","egg","CO-E22",69,"collected","MakeBelieve-69_collected","No",""
2021,"E23","Make Believe","","egg","MakeBelieve-69","egg","CO-E23",69,"collected","MakeBelieve-69_collected","No",""
2021,"E24","Make Believe","","egg","MakeBelieve-69","egg","CO-E24",69,"collected","MakeBelieve-69_collected","No",""
2021,"2640-97385","Make Believe","F","mom","MakeBelieve-69","blood","CO-97385",NA,NA,NA,"No",""
2021,"2850-57518","Make Believe","M","dad","MakeBelieve-69","blood","CO-57518",NA,NA,NA,"No",""
2021,"2850-57555","Reinarz","F","mom","Reinarz-01","blood","CO-57555",NA,NA,NA,"No",""
2021,"2850-57619","Reinarz","M","dad","Reinarz-01","blood","CO-57619",NA,NA,NA,"No",""
2021,"E80","Reinarz","","egg","Reinarz-01","egg","CO-E80",1,"collected","Reinarz-01_collected","No",""
2021,"E81","Reinarz","","egg","Reinarz-01","egg","CO-E81",1,"collected","Reinarz-01_collected","No",""
2021,"E82","Reinarz","","egg","Reinarz-01","egg","CO-E82",1,"collected","Reinarz-01_collected","No",""
2021,"E83","Reinarz","","egg","Reinarz-01","egg","CO-E83",1,"collected","Reinarz-01_collected","No",""
2021,"E84","Reinarz","","egg","Reinarz-01","egg","CO-E84",1,"collected","Reinarz-01_collected","No",""
2021,"2811-82974","Schaaps","","kid","Schaaps-108","blood","CO-82974",32,"1","Schaaps_32_1","No",""
2021,"2811-82975","Schaaps","","kid","Schaaps-108","blood","CO-82975",32,"1","Schaaps_32_1","No",""
2021,"2811-82976","Schaaps","","kid","Schaaps-108","blood","CO-82976",32,"1","Schaaps_32_1","No",""
2021,"2811-83029","Schaaps","","kid","Schaaps-108","blood","CO-83029",97,"2","Schaaps_97_2","No",""
2021,"2811-83030","Schaaps","","kid","Schaaps-108","blood","CO-83030",97,"2","Schaaps_97_2","No",""
2021,"2811-83031","Schaaps","","kid","Schaaps-108","blood","CO-83031",97,"2","Schaaps_97_2","No",""
2021,"2811-83032","Schaaps","","kid","Schaaps-108","blood","CO-83032",97,"2","Schaaps_97_2","No",""
2021,"2850-57553","Schaaps","F","mom","Schaaps-108","blood","CO-57553",NA,NA,NA,"No",""
2021,"2850-57607","Schaaps","M","dad","Schaaps-108","blood","CO-57607",NA,NA,NA,"No",""
2021,"E70","Schaaps","","egg","Schaaps-108","egg","CO-E70",108,"collected","Schaaps-108_collected","No",""
2021,"E71","Schaaps","","egg","Schaaps-108","egg","CO-E71",108,"collected","Schaaps-108_collected","No",""
2021,"E72","Schaaps","","egg","Schaaps-108","egg","CO-E72",108,"collected","Schaaps-108_collected","No",""
2021,"E73","Schaaps","","egg","Schaaps-108","egg","CO-E73",108,"collected","Schaaps-108_collected","No",""
2021,"E74","Schaaps","","egg","Schaaps-108","egg","CO-E74",108,"collected","Schaaps-108_collected","No",""
2021,"2811-83218","Schaaps","","kid","Schaaps-110","blood","CO-83218",64,"2","Schaaps_64_2","Yes",""
2021,"2811-83219","Schaaps","","kid","Schaaps-110","blood","CO-83219",64,"2","Schaaps_64_2","Yes",""
2021,"2811-83220","Schaaps","","kid","Schaaps-110","blood","CO-83220",64,"2","Schaaps_64_2","Yes",""
2021,"2811-83221","Schaaps","","kid","Schaaps-110","blood","CO-83221",64,"2","Schaaps_64_2","Yes",""
2021,"2811-39152","Schaaps","","kid","Schaaps-110","blood","CO-39152",110,"1","Schaaps_110_1","Yes",""
2021,"2811-39153","Schaaps","","kid","Schaaps-110","blood","CO-39153",110,"1","Schaaps_110_1","Yes",""
2021,"2811-39154","Schaaps","","kid","Schaaps-110","blood","CO-39154",110,"1","Schaaps_110_1","Yes",""
2021,"2850-57701","Schaaps","M","dad","Schaaps-110","blood","CO-57701",NA,NA,NA,"No",""
2021,"2850-57604","Schaaps","","mom","Schaaps-110","blood","CO-57604",NA,"","","Yes",""
2021,"2811-39187","Schaaps","","kid","Schaaps-24","blood","CO-39187",24,"1","Schaaps_24_1","Yes",""
2021,"2811-39188","Schaaps","","kid","Schaaps-24","blood","CO-39188",24,"1","Schaaps_24_1","Yes",""
2021,"2811-39189","Schaaps","","kid","Schaaps-24","blood","CO-39189",24,"1","Schaaps_24_1","Yes",""
2021,"2811-83004","Schaaps","","kid","Schaaps-24","blood","CO-83004",28,"2","Schaaps_28_2","Yes",""
2021,"2811-83006","Schaaps","","kid","Schaaps-24","blood","CO-83006",28,"2","Schaaps_28_2","Yes",""
2021,"2811-83007","Schaaps","","kid","Schaaps-24","blood","CO-83007",28,"2","Schaaps_28_2","Yes",""
2021,"2850-57554","Schaaps","","dad","Schaaps-24","blood","CO-57554",NA,"","","Yes",""
2021,"2850-57905","Schaaps","","mom","Schaaps-24","blood","CO-57905",NA,"","","Yes",""
2021,"2811-82988","Schaaps","","kid","Schaaps-54","blood","CO-82988",33,"1","Schaaps_33_2","No",""
2021,"2811-82989","Schaaps","","kid","Schaaps-54","blood","CO-82989",33,"1","Schaaps_33_2","No",""
2021,"2811-82990","Schaaps","","kid","Schaaps-54","blood","CO-82990",33,"1","Schaaps_33_2","No",""
2021,"2811-06912","Schaaps","M","dad","Schaaps-54","blood","CO-06912",NA,NA,NA,"No",""
2021,"2850-57603","Schaaps","F","mom","Schaaps-54","blood","CO-57603",NA,NA,NA,"No",""
2021,"E56","Schaaps","","egg","Schaaps-54","egg","CO-E56",54,"collected","Schaaps-54_collected","No",""
2021,"E57","Schaaps","","egg","Schaaps-54","egg","CO-E57",54,"collected","Schaaps-54_collected","No",""
2021,"E58","Schaaps","","egg","Schaaps-54","egg","CO-E58",54,"collected","Schaaps-54_collected","No",""
2021,"E59","Schaaps","","egg","Schaaps-54","egg","CO-E59",54,"collected","Schaaps-54_collected","No",""
2021,"2811-83201","Schaaps","","kid","Schaaps-67","blood","CO-83201",67,"1","Schaaps_67_1","Yes",""
2021,"2811-83202","Schaaps","","kid","Schaaps-67","blood","CO-83202",67,"1","Schaaps_67_1","Yes",""
2021,"2811-83203","Schaaps","","kid","Schaaps-67","blood","CO-83203",67,"1","Schaaps_67_1","Yes",""
2021,"2811-83204","Schaaps","","kid","Schaaps-67","blood","CO-83204",67,"1","Schaaps_67_1","Yes",""
2021,"2811-82996","Schaaps","","kid","Schaaps-67","blood","CO-82996",114,"2","Schaaps_114_2","Yes",""
2021,"2811-82997","Schaaps","","kid","Schaaps-67","blood","CO-82997",114,"2","Schaaps_114_2","Yes",""
2021,"2811-82998","Schaaps","","kid","Schaaps-67","blood","CO-82998",114,"2","Schaaps_114_2","Yes",""
2021,"2811-82999","Schaaps","","kid","Schaaps-67","blood","CO-82999",114,"2","Schaaps_114_2","Yes",""
2021,"2811-83000","Schaaps","","kid","Schaaps-67","blood","CO-83000",114,"2","Schaaps_114_2","Yes",""
2021,"2850-57562","Schaaps","","dad","Schaaps-67","blood","CO-57562",NA,"","","Yes",""
2021,"2850-57904","Schaaps","","mom","Schaaps-67","blood","CO-57904",NA,"","","Yes",""
2021,"2811-39158","Schaaps","","kid","Schaaps-71","blood","CO-39158",71,"1","Schaaps_71_1","Yes",""
2021,"2811-39159","Schaaps","","kid","Schaaps-71","blood","CO-39159",71,"1","Schaaps_71_1","Yes",""
2021,"2811-39177","Schaaps","","kid","Schaaps-71","blood","CO-39177",71,"1","Schaaps_71_1","Yes",""
2021,"2811-39198","Schaaps","","kid","Schaaps-71","blood","CO-39198",71,"1","Schaaps_71_1","Yes",""
2021,"2811-83001","Schaaps","","kid","Schaaps-71","blood","CO-83001",134,"2","Schaaps_134_2","Yes",""
2021,"2811-83002","Schaaps","","kid","Schaaps-71","blood","CO-83002",134,"2","Schaaps_134_2","Yes",""
2021,"2811-83003","Schaaps","","kid","Schaaps-71","blood","CO-83003",134,"2","Schaaps_134_2","Yes",""
2021,"2811-83005","Schaaps","","kid","Schaaps-71","blood","CO-83005",134,"2","Schaaps_134_2","Yes",""
2021,"2850-57606","Schaaps","","dad","Schaaps-71","blood","CO-57606",NA,"","","Yes",""
2021,"2850-57611","Schaaps","","mom","Schaaps-71","blood","CO-57611",NA,"","","Yes",""
2021,"2811-83008","Schaaps","","kid","Schaaps-74","blood","CO-83008",14,"2","Schaaps_14_2","Yes",""
2021,"2811-83009","Schaaps","","kid","Schaaps-74","blood","CO-83009",14,"2","Schaaps_14_2","Yes",""
2021,"2811-83010","Schaaps","","kid","Schaaps-74","blood","CO-83010",14,"2","Schaaps_14_2","Yes",""
2021,"2811-83011","Schaaps","","kid","Schaaps-74","blood","CO-83011",14,"2","Schaaps_14_2","Yes",""
2021,"2811-83012","Schaaps","","kid","Schaaps-74","blood","CO-83012",14,"2","Schaaps_14_2","Yes",""
2021,"2811-39155","Schaaps","","kid","Schaaps-74","blood","CO-39155",74,"1","Schaaps_74_1","Yes",""
2021,"2811-39156","Schaaps","","kid","Schaaps-74","blood","CO-39156",74,"1","Schaaps_74_1","Yes",""
2021,"2811-39157","Schaaps","","kid","Schaaps-74","blood","CO-39157",74,"1","Schaaps_74_1","Yes",""
2021,"2850-57563","Schaaps","","dad","Schaaps-74","blood","CO-57563",NA,"","","Yes",""
2021,"2850-57561","Schaaps","","mom","Schaaps-74","blood","CO-57561",NA,"","","Yes",""
2021,"2811-39038","Schaaps","","kid","Schaaps-80","blood","CO-39038",59,"1","Schaaps_59_1","No",""
2021,"2811-39039","Schaaps","","kid","Schaaps-80","blood","CO-39039",59,"1","Schaaps_59_1","No",""
2021,"2811-39040","Schaaps","","kid","Schaaps-80","blood","CO-39040",59,"1","Schaaps_59_1","No",""
2021,"2811-39041","Schaaps","","kid","Schaaps-80","blood","CO-39041",59,"1","Schaaps_59_1","No",""
2021,"2811-83044","Schaaps","","kid","Schaaps-80","blood","CO-83044",80,"2","Schaaps_80_2","No",""
2021,"2811-83045","Schaaps","","kid","Schaaps-80","blood","CO-83045",80,"2","Schaaps_80_2","No",""
2021,"2811-83046","Schaaps","","kid","Schaaps-80","blood","CO-83046",80,"2","Schaaps_80_2","No",""
2021,"2850-57538","Schaaps","M","dad","Schaaps-80","blood","CO-57538",NA,NA,NA,"No",""
2021,"2850-57556","Schaaps","F","mom","Schaaps-80","blood","CO-57556",NA,NA,NA,"No",""
2021,"E38","Schaaps","","egg","Schaaps-80","egg","CO-E38",80,"collected","Schaaps-80_collected","No",""
2021,"E39","Schaaps","","egg","Schaaps-80","egg","CO-E39",80,"collected","Schaaps-80_collected","No",""
2021,"E40","Schaaps","","egg","Schaaps-80","egg","CO-E40",80,"collected","Schaaps-80_collected","No",""
2021,"E41","Schaaps","","egg","Schaaps-80","egg","CO-E41",80,"collected","Schaaps-80_collected","No",""
2021,"E42","Schaaps","","egg","Schaaps-80","egg","CO-E42",80,"collected","Schaaps-80_collected","No",""
2021,"2811-83026","Schaaps","","kid","Schaaps-98","blood","CO-83026",36,"1","Schaaps_36_1","Yes",""
2021,"2811-83027","Schaaps","","kid","Schaaps-98","blood","CO-83027",36,"1","Schaaps_36_1","Yes",""
2021,"2811-83028","Schaaps","","kid","Schaaps-98","blood","CO-83028",36,"1","Schaaps_36_1","Yes",""
2021,"2811-39029","Schaaps","","kid","Schaaps-98","blood","CO-39029",98,"2","Schaaps_98_2","Yes",""
2021,"2811-39030","Schaaps","","kid","Schaaps-98","blood","CO-39030",98,"2","Schaaps_98_2","Yes",""
2021,"2850-57546","Schaaps","","dad","Schaaps-98","blood","CO-57546",NA,"","","Yes",""
2021,"2850-57559","Schaaps","","mom","Schaaps-98","blood","CO-57559",NA,"","","Yes",""
2021,"2811-83037","Struthers","","kid","Struthers-20","blood","CO-83037",10,"2","Struthers_10_2","No",""
2021,"2811-83038","Struthers","","kid","Struthers-20","blood","CO-83038",10,"2","Struthers_10_2","No",""
2021,"2811-83039","Struthers","","kid","Struthers-20","blood","CO-83039",10,"2","Struthers_10_2","No",""
2021,"2811-83040","Struthers","","kid","Struthers-20","blood","CO-83040",10,"2","Struthers_10_2","No",""
2021,"2811-83210","Struthers","","kid","Struthers-20","blood","CO-83210",20,"1","Struthers_20_1","No",""
2021,"2811-83211","Struthers","","kid","Struthers-20","blood","CO-83211",20,"1","Struthers_20_1","No",""
2021,"2811-83212","Struthers","","kid","Struthers-20","blood","CO-83212",20,"1","Struthers_20_1","No",""
2021,"2811-83213","Struthers","","kid","Struthers-20","blood","CO-83213",20,"1","Struthers_20_1","No",""
2021,"2850-57551","Struthers","F","mom","Struthers-20","blood","CO-57551",NA,NA,NA,"No",""
2021,"2850-57552","Struthers","M","dad","Struthers-20","blood","CO-57552",NA,NA,NA,"No",""
2021,"E43","Struthers","","egg","Struthers-20","egg","CO-E43",20,"collected","Struthers-20_collected","No",""
2021,"E44","Struthers","","egg","Struthers-20","egg","CO-E44",20,"collected","Struthers-20_collected","No",""
2021,"E45","Struthers","","egg","Struthers-20","egg","CO-E45",20,"collected","Struthers-20_collected","No",""
2021,"E46","Struthers","","egg","Struthers-20","egg","CO-E46",20,"collected","Struthers-20_collected","No",""
2021,"E47","Struthers","","egg","Struthers-20","egg","CO-E47",20,"collected","Struthers-20_collected","No",""
2021,"2811-83013","Urban Farm Girlz","","kid","UrbanFarm-02","blood","CO-83013",2.2,"2","Urban Farm Girlz_2.2_2","Yes",""
2021,"2811-83014","Urban Farm Girlz","","kid","UrbanFarm-02","blood","CO-83014",2.2,"2","Urban Farm Girlz_2.2_2","Yes",""
2021,"2811-83015","Urban Farm Girlz","","kid","UrbanFarm-02","blood","CO-83015",2.2,"2","Urban Farm Girlz_2.2_2","Yes",""
2021,"2811-83016","Urban Farm Girlz","","kid","UrbanFarm-02","blood","CO-83016",2.2,"2","Urban Farm Girlz_2.2_2","Yes",""
2021,"2811-83017","Urban Farm Girlz","","kid","UrbanFarm-02","blood","CO-83017",2.2,"2","Urban Farm Girlz_2.2_2","Yes",""
2021,"2811-39042","Urban Farm Girlz","","kid","UrbanFarm-02","blood","CO-39042",5,"1","Urban Farm Girlz_5_1","Yes",""
2021,"2811-39043","Urban Farm Girlz","","kid","UrbanFarm-02","blood","CO-39043",5,"1","Urban Farm Girlz_5_1","Yes",""
2021,"2811-39044","Urban Farm Girlz","","kid","UrbanFarm-02","blood","CO-39044",5,"1","Urban Farm Girlz_5_1","Yes",""
2021,"2811-39050","Urban Farm Girlz","","kid","UrbanFarm-02","blood","CO-39050",5,"1","Urban Farm Girlz_5_1","Yes",""
2021,"2850-57608","Urban Farm Girlz","F","mom","UrbanFarm-02","blood","CO-57608",NA,NA,NA,"No",""
2021,"2850-57615","Urban Farm Girlz","M","dad","UrbanFarm-02","blood","CO-57615",NA,NA,NA,"No",""
2021,"E01","Urban Farm Girlz","","egg","UrbanFarm-02","egg","CO-E01",2,"collected","UrbanFarm-02_collected","No",""
2021,"E02","Urban Farm Girlz","","egg","UrbanFarm-02","egg","CO-E02",2,"collected","UrbanFarm-02_collected","No",""
2021,"E03","Urban Farm Girlz","","egg","UrbanFarm-02","egg","CO-E03",2,"collected","UrbanFarm-02_collected","No",""
2021,"E04","Urban Farm Girlz","","egg","UrbanFarm-02","egg","CO-E04",2,"collected","UrbanFarm-02_collected","No",""
2021,"2811-39184","Urban Farm Girlz","","kid","UrbanFarm-04","blood","CO-39184",4,"1","Urban Farm Girlz_4_1","Yes",""
2021,"2811-39185","Urban Farm Girlz","","kid","UrbanFarm-04","blood","CO-39185",4,"1","Urban Farm Girlz_4_1","Yes",""
2021,"2811-39186","Urban Farm Girlz","","kid","UrbanFarm-04","blood","CO-39186",4,"1","Urban Farm Girlz_4_1","Yes",""
2021,"2850-57624","Urban Farm Girlz","M","dad","UrbanFarm-04","blood","CO-57624",NA,NA,NA,"No",""
2021,"2850-57617","Urban Farm Girlz","","mom","UrbanFarm-04","blood","CO-57617",NA,"","","Yes",""
