"dist","near_rank","BarnName_1","BarnName_2"
16.34208163,1,"Make Believe","Make Believe Shed"
3104.670145,2,"Make Believe","Jays est"
3139.663173,3,"Make Believe","Mary Anns est"
3336.249381,4,"Make Believe","Struthers main"
3337.471654,5,"Make Believe","Cathys est"
3344.231333,6,"Make Believe","Struthers back shed"
3365.623023,7,"Make Believe","Cathys trailer est"
3372.48869,8,"Make Believe","Struthers round"
3455.712605,9,"Make Believe","Speedwell est"
3456.574291,10,"Make Believe","Green Mill est"
3470.02738,11,"Make Believe","Nixon est"
3784.462198,12,"Make Believe","Blue Cloud wash room"
3861.779098,13,"Make Believe","Blue Cloud Middle Shed"
3876.36582,14,"Make Believe","Blue Cloud pony shed"
3892.653379,15,"Make Believe","Blue Cloud Gazebo"
3928.765414,16,"Make Believe","Blue Cloud main"
3967.210281,17,"Make Believe","Jims Green Barn est"
4083.407908,18,"Make Believe","Red Wagon porch est"
4212.841149,19,"Make Believe","Boyer"
4502.170914,20,"Make Believe","Mayas est"
4554.003987,21,"Make Believe","McCauley est"
4644.456697,22,"Make Believe","Quick est"
4828.138032,23,"Make Believe","Martes est"
4840.754384,24,"Make Believe","Starlight est"
4897.580448,25,"Make Believe","Karens est"
4912.593342,26,"Make Believe","CHR"
5249.655973,27,"Make Believe","Plumbumpy est"
5584.703476,28,"Make Believe","Dome House est"
5761.465774,29,"Make Believe","Urban Farm Girlz Sheep Shed"
5781.976718,30,"Make Believe","Urban Farm Girlz Red Barn"
5844.069614,31,"Make Believe","Urban Farm Girls Chicken coop"
6138.261922,32,"Make Believe","James Ditch est"
6275.257607,33,"Make Believe","Ericas"
7297.341797,34,"Make Believe","Brown Barn est"
8043.565207,35,"Make Believe","Reinarz Garage est"
8065.260889,36,"Make Believe","Alishas est"
8068.720913,37,"Make Believe","Reinarz shed est"
8134.783478,38,"Make Believe","Cooks"
8391.08136,39,"Make Believe","Hepp awning"
8782.200062,40,"Make Believe","Sol y Sombra est"
8934.417156,41,"Make Believe","Cargill est"
8944.936855,42,"Make Believe","Schaaps"
9492.861087,43,"Make Believe","Grizz est"
552.1242579,1,"Cooks","Hepp awning"
1132.213772,2,"Cooks","Sol y Sombra est"
1171.890026,3,"Cooks","Reinarz Garage est"
1200.685865,4,"Cooks","Reinarz shed est"
1546.300542,5,"Cooks","Alishas est"
2017.501613,6,"Cooks","James Ditch est"
3008.036321,7,"Cooks","Cargill est"
3587.486642,8,"Cooks","Ericas"
3998.148258,9,"Cooks","CHR"
4427.496664,10,"Cooks","Karens est"
4960.277792,11,"Cooks","Mayas est"
5868.726624,12,"Cooks","Jims Green Barn est"
7022.837808,13,"Cooks","McCauley est"
8070.854802,14,"Cooks","Nixon est"
8079.165808,15,"Cooks","Blue Cloud wash room"
8116.117913,16,"Cooks","Blue Cloud pony shed"
8131.940467,17,"Cooks","Blue Cloud Middle Shed"
8134.783478,18,"Cooks","Make Believe"
8135.083191,19,"Cooks","Blue Cloud main"
8148.946634,20,"Cooks","Make Believe Shed"
8151.419445,21,"Cooks","Blue Cloud Gazebo"
8176.916513,22,"Cooks","Starlight est"
8518.517871,23,"Cooks","Jays est"
8793.220725,24,"Cooks","Green Mill est"
9005.239589,25,"Cooks","Struthers back shed"
9026.103113,26,"Cooks","Struthers main"
9083.204192,27,"Cooks","Struthers round"
9974.089273,28,"Cooks","Speedwell est"
10895.89421,29,"Cooks","Red Wagon porch est"
11115.95446,30,"Cooks","Mary Anns est"
11307.353,31,"Cooks","Cathys est"
11328.65514,32,"Cooks","Cathys trailer est"
11757.49343,33,"Cooks","Boyer"
12201.81193,34,"Cooks","Plumbumpy est"
12332.29554,35,"Cooks","Brown Barn est"
12332.58471,36,"Cooks","Martes est"
12459.24829,37,"Cooks","Quick est"
12698.415,38,"Cooks","Grizz est"
12982.92152,39,"Cooks","Dome House est"
13112.56561,40,"Cooks","Urban Farm Girlz Sheep Shed"
13146.32277,41,"Cooks","Urban Farm Girlz Red Barn"
13196.78209,42,"Cooks","Urban Farm Girls Chicken coop"
14316.31219,43,"Cooks","Schaaps"
22.52520255,1,"Struthers main","Struthers back shed"
47.79605615,2,"Struthers main","Struthers round"
319.575851,3,"Struthers main","Green Mill est"
499.3814932,4,"Struthers main","Jays est"
1051.948626,5,"Struthers main","Nixon est"
1052.137445,6,"Struthers main","Speedwell est"
1226.390882,7,"Struthers main","Blue Cloud wash room"
1242.344394,8,"Struthers main","Blue Cloud Middle Shed"
1248.255274,9,"Struthers main","Blue Cloud Gazebo"
1264.680494,10,"Struthers main","Blue Cloud pony shed"
1282.306886,11,"Struthers main","Blue Cloud main"
1939.365424,12,"Struthers main","Red Wagon porch est"
2093.826763,13,"Struthers main","Starlight est"
2624.106317,14,"Struthers main","McCauley est"
3150.777513,15,"Struthers main","Boyer"
3195.317127,16,"Struthers main","Plumbumpy est"
3225.333042,17,"Struthers main","Jims Green Barn est"
3336.249381,18,"Struthers main","Make Believe"
3375.261894,19,"Struthers main","Make Believe Shed"
3395.167737,20,"Struthers main","Mary Anns est"
3488.116073,21,"Struthers main","Cathys est"
3496.957687,22,"Struthers main","Cathys trailer est"
3595.080553,23,"Struthers main","Martes est"
4047.282377,24,"Struthers main","Quick est"
4076.570861,25,"Struthers main","Brown Barn est"
4105.80886,26,"Struthers main","Dome House est"
4147.600318,27,"Struthers main","Mayas est"
4200.884412,28,"Struthers main","Urban Farm Girlz Sheep Shed"
4239.054456,29,"Struthers main","Urban Farm Girlz Red Barn"
4281.060109,30,"Struthers main","Urban Farm Girls Chicken coop"
4702.614612,31,"Struthers main","Karens est"
5026.901367,32,"Struthers main","CHR"
5896.626973,33,"Struthers main","Schaaps"
5984.428043,34,"Struthers main","Ericas"
6153.837017,35,"Struthers main","Grizz est"
7042.386822,36,"Struthers main","James Ditch est"
8676.920696,37,"Struthers main","Cargill est"
9026.103113,38,"Struthers main","Cooks"
9077.771685,39,"Struthers main","Hepp awning"
9365.066606,40,"Struthers main","Reinarz Garage est"
9398.404037,41,"Struthers main","Reinarz shed est"
9514.577439,42,"Struthers main","Alishas est"
9963.437346,43,"Struthers main","Sol y Sombra est"
47.79605615,1,"Struthers round","Struthers main"
73.15476567,2,"Struthers round","Struthers back shed"
356.2478644,3,"Struthers round","Green Mill est"
557.3733658,4,"Struthers round","Jays est"
1013.604361,5,"Struthers round","Speedwell est"
1099.759049,6,"Struthers round","Nixon est"
1265.919094,7,"Struthers round","Blue Cloud wash room"
1279.160161,8,"Struthers round","Blue Cloud Middle Shed"
1283.849839,9,"Struthers round","Blue Cloud Gazebo"
1301.390088,10,"Struthers round","Blue Cloud pony shed"
1317.240399,11,"Struthers round","Blue Cloud main"
1894.203232,12,"Struthers round","Red Wagon porch est"
2114.250417,13,"Struthers round","Starlight est"
2665.157382,14,"Struthers round","McCauley est"
3116.434557,15,"Struthers round","Boyer"
3146.352001,16,"Struthers round","Plumbumpy est"
3278.975933,17,"Struthers round","Jims Green Barn est"
3372.48869,18,"Struthers round","Make Believe"
3382.233613,19,"Struthers round","Mary Anns est"
3411.440862,20,"Struthers round","Make Believe Shed"
3472.461076,21,"Struthers round","Cathys est"
3480.985722,22,"Struthers round","Cathys trailer est"
3555.724472,23,"Struthers round","Martes est"
4015.7167,24,"Struthers round","Quick est"
4031.678336,25,"Struthers round","Brown Barn est"
4061.220749,26,"Struthers round","Dome House est"
4154.959669,27,"Struthers round","Urban Farm Girlz Sheep Shed"
4193.248708,28,"Struthers round","Urban Farm Girlz Red Barn"
4201.748132,29,"Struthers round","Mayas est"
4234.903226,30,"Struthers round","Urban Farm Girls Chicken coop"
4756.860343,31,"Struthers round","Karens est"
5082.708126,32,"Struthers round","CHR"
5848.045362,33,"Struthers round","Schaaps"
6035.930785,34,"Struthers round","Ericas"
6123.930829,35,"Struthers round","Grizz est"
7100.18148,36,"Struthers round","James Ditch est"
8726.590802,37,"Struthers round","Cargill est"
9083.204192,38,"Struthers round","Cooks"
9133.874133,39,"Struthers round","Hepp awning"
9423.394954,40,"Struthers round","Reinarz Garage est"
9456.744013,41,"Struthers round","Reinarz shed est"
9573.097644,42,"Struthers round","Alishas est"
10021.34186,43,"Struthers round","Sol y Sombra est"
22.52520255,1,"Struthers back shed","Struthers main"
73.15476567,2,"Struthers back shed","Struthers round"
285.6095759,3,"Struthers back shed","Green Mill est"
480.3136516,4,"Struthers back shed","Jays est"
1023.415992,5,"Struthers back shed","Nixon est"
1084.868369,6,"Struthers back shed","Speedwell est"
1193.685977,7,"Struthers back shed","Blue Cloud wash room"
1208.80991,8,"Struthers back shed","Blue Cloud Middle Shed"
1214.410615,9,"Struthers back shed","Blue Cloud Gazebo"
1231.120148,10,"Struthers back shed","Blue Cloud pony shed"
1248.311777,11,"Struthers back shed","Blue Cloud main"
1970.620251,12,"Struthers back shed","Red Wagon porch est"
2058.423622,13,"Struthers back shed","Starlight est"
2592.037902,14,"Struthers back shed","McCauley est"
3183.906215,15,"Struthers back shed","Boyer"
3201.380908,16,"Struthers back shed","Jims Green Barn est"
3223.45915,17,"Struthers back shed","Plumbumpy est"
3344.231333,18,"Struthers back shed","Make Believe"
3383.274905,19,"Struthers back shed","Make Believe Shed"
3425.791319,20,"Struthers back shed","Mary Anns est"
3519.36266,21,"Struthers back shed","Cathys est"
3528.27161,22,"Struthers back shed","Cathys trailer est"
3627.755946,23,"Struthers back shed","Martes est"
4071.894262,24,"Struthers back shed","Brown Barn est"
4080.448058,25,"Struthers back shed","Quick est"
4123.973844,26,"Struthers back shed","Mayas est"
4137.288335,27,"Struthers back shed","Dome House est"
4231.890601,28,"Struthers back shed","Urban Farm Girlz Sheep Shed"
4270.106524,29,"Struthers back shed","Urban Farm Girlz Red Barn"
4311.97557,30,"Struthers back shed","Urban Farm Girls Chicken coop"
4679.056156,31,"Struthers back shed","Karens est"
5004.588626,32,"Struthers back shed","CHR"
5898.266902,33,"Struthers back shed","Schaaps"
5959.217161,34,"Struthers back shed","Ericas"
6133.008427,35,"Struthers back shed","Grizz est"
7022.663839,36,"Struthers back shed","James Ditch est"
8649.911476,37,"Struthers back shed","Cargill est"
9005.239589,38,"Struthers back shed","Cooks"
9055.746034,39,"Struthers back shed","Hepp awning"
9346.683199,40,"Struthers back shed","Reinarz Garage est"
9380.059998,41,"Struthers back shed","Reinarz shed est"
9496.978871,42,"Struthers back shed","Alishas est"
9943.93692,43,"Struthers back shed","Sol y Sombra est"
16.34208163,1,"Make Believe Shed","Make Believe"
3143.86546,2,"Make Believe Shed","Jays est"
3153.762085,3,"Make Believe Shed","Mary Anns est"
3351.501,4,"Make Believe Shed","Cathys est"
3375.261894,5,"Make Believe Shed","Struthers main"
3379.875891,6,"Make Believe Shed","Cathys trailer est"
3383.274905,7,"Make Believe Shed","Struthers back shed"
3411.440862,8,"Make Believe Shed","Struthers round"
3491.628871,9,"Make Believe Shed","Speedwell est"
3495.789748,10,"Make Believe Shed","Green Mill est"
3509.626078,11,"Make Believe Shed","Nixon est"
3824.134193,12,"Make Believe Shed","Blue Cloud wash room"
3901.416272,13,"Make Believe Shed","Blue Cloud Middle Shed"
3916.023656,14,"Make Believe Shed","Blue Cloud pony shed"
3932.274332,15,"Make Believe Shed","Blue Cloud Gazebo"
3968.405502,16,"Make Believe Shed","Blue Cloud main"
4002.975228,17,"Make Believe Shed","Jims Green Barn est"
4115.922083,18,"Make Believe Shed","Red Wagon porch est"
4236.162737,19,"Make Believe Shed","Boyer"
4534.198002,20,"Make Believe Shed","Mayas est"
4593.359968,21,"Make Believe Shed","McCauley est"
4661.522764,22,"Make Believe Shed","Quick est"
4851.185476,23,"Make Believe Shed","Martes est"
4880.581633,24,"Make Believe Shed","Starlight est"
4927.528666,25,"Make Believe Shed","Karens est"
4939.785049,26,"Make Believe Shed","CHR"
5278.998976,27,"Make Believe Shed","Plumbumpy est"
5608.397375,28,"Make Believe Shed","Dome House est"
5785.609859,29,"Make Believe Shed","Urban Farm Girlz Sheep Shed"
5805.918087,30,"Make Believe Shed","Urban Farm Girlz Red Barn"
5868.100353,31,"Make Believe Shed","Urban Farm Girls Chicken coop"
6154.548927,32,"Make Believe Shed","James Ditch est"
6303.818377,33,"Make Believe Shed","Ericas"
7334.731466,34,"Make Believe Shed","Brown Barn est"
8052.153601,35,"Make Believe Shed","Reinarz Garage est"
8072.75597,36,"Make Believe Shed","Alishas est"
8077.228061,37,"Make Believe Shed","Reinarz shed est"
8148.946634,38,"Make Believe Shed","Cooks"
8407.452049,39,"Make Believe Shed","Hepp awning"
8792.054605,40,"Make Believe Shed","Sol y Sombra est"
8960.266356,41,"Make Believe Shed","Cargill est"
8980.360381,42,"Make Believe Shed","Schaaps"
9532.005891,43,"Make Believe Shed","Grizz est"
25.94862837,1,"Blue Cloud Gazebo","Blue Cloud pony shed"
27.13005795,2,"Blue Cloud Gazebo","Blue Cloud Middle Shed"
33.6104056,3,"Blue Cloud Gazebo","Blue Cloud main"
86.33132477,4,"Blue Cloud Gazebo","Blue Cloud wash room"
414.5516829,5,"Blue Cloud Gazebo","Nixon est"
917.4242491,6,"Blue Cloud Gazebo","Green Mill est"
970.8696427,7,"Blue Cloud Gazebo","Starlight est"
977.958485,8,"Blue Cloud Gazebo","Jays est"
1214.410615,9,"Blue Cloud Gazebo","Struthers back shed"
1248.255274,10,"Blue Cloud Gazebo","Struthers main"
1283.849839,11,"Blue Cloud Gazebo","Struthers round"
1393.566216,12,"Blue Cloud Gazebo","McCauley est"
2265.922974,13,"Blue Cloud Gazebo","Jims Green Barn est"
2292.39805,14,"Blue Cloud Gazebo","Speedwell est"
3126.335105,15,"Blue Cloud Gazebo","Red Wagon porch est"
3178.481318,16,"Blue Cloud Gazebo","Mayas est"
3726.155519,17,"Blue Cloud Gazebo","Karens est"
3892.653379,18,"Blue Cloud Gazebo","Make Believe"
3932.274332,19,"Blue Cloud Gazebo","Make Believe Shed"
4114.983601,20,"Blue Cloud Gazebo","CHR"
4298.903596,21,"Blue Cloud Gazebo","Plumbumpy est"
4353.431046,22,"Blue Cloud Gazebo","Brown Barn est"
4400.928463,23,"Blue Cloud Gazebo","Boyer"
4611.799012,24,"Blue Cloud Gazebo","Mary Anns est"
4717.884404,25,"Blue Cloud Gazebo","Cathys est"
4728.115403,26,"Blue Cloud Gazebo","Cathys trailer est"
4821.527196,27,"Blue Cloud Gazebo","Martes est"
4907.649984,28,"Blue Cloud Gazebo","Ericas"
5283.160703,29,"Blue Cloud Gazebo","Dome House est"
5303.64507,30,"Blue Cloud Gazebo","Quick est"
5360.094296,31,"Blue Cloud Gazebo","Urban Farm Girlz Sheep Shed"
5399.769922,32,"Blue Cloud Gazebo","Urban Farm Girlz Red Barn"
5436.491521,33,"Blue Cloud Gazebo","Urban Farm Girls Chicken coop"
5829.035347,34,"Blue Cloud Gazebo","Grizz est"
6240.398436,35,"Blue Cloud Gazebo","James Ditch est"
6309.110301,36,"Blue Cloud Gazebo","Schaaps"
7541.928654,37,"Blue Cloud Gazebo","Cargill est"
8144.229471,38,"Blue Cloud Gazebo","Hepp awning"
8151.419445,39,"Blue Cloud Gazebo","Cooks"
8611.566649,40,"Blue Cloud Gazebo","Reinarz Garage est"
8646.634192,41,"Blue Cloud Gazebo","Reinarz shed est"
8798.592743,42,"Blue Cloud Gazebo","Alishas est"
9151.680338,43,"Blue Cloud Gazebo","Sol y Sombra est"
33.6104056,1,"Blue Cloud main","Blue Cloud Gazebo"
41.49721875,2,"Blue Cloud main","Blue Cloud pony shed"
60.81465473,3,"Blue Cloud main","Blue Cloud Middle Shed"
116.1169953,4,"Blue Cloud main","Blue Cloud wash room"
451.2314297,5,"Blue Cloud main","Nixon est"
925.0130217,6,"Blue Cloud main","Starlight est"
951.230431,7,"Blue Cloud main","Green Mill est"
1016.758014,8,"Blue Cloud main","Jays est"
1248.311777,9,"Blue Cloud main","Struthers back shed"
1282.306886,10,"Blue Cloud main","Struthers main"
1317.240399,11,"Blue Cloud main","Struthers round"
1356.267398,12,"Blue Cloud main","McCauley est"
2250.304983,13,"Blue Cloud main","Jims Green Barn est"
2324.039286,14,"Blue Cloud main","Speedwell est"
3154.328285,15,"Blue Cloud main","Red Wagon porch est"
3160.370672,16,"Blue Cloud main","Mayas est"
3706.930068,17,"Blue Cloud main","Karens est"
3928.765414,18,"Blue Cloud main","Make Believe"
3968.405502,19,"Blue Cloud main","Make Believe Shed"
4098.901931,20,"Blue Cloud main","CHR"
4322.122415,21,"Blue Cloud main","Plumbumpy est"
4344.341705,22,"Blue Cloud main","Brown Barn est"
4432.865572,23,"Blue Cloud main","Boyer"
4649.013242,24,"Blue Cloud main","Mary Anns est"
4754.681144,25,"Blue Cloud main","Cathys est"
4764.859268,26,"Blue Cloud main","Cathys trailer est"
4851.236295,27,"Blue Cloud main","Martes est"
4881.656336,28,"Blue Cloud main","Ericas"
5309.66736,29,"Blue Cloud main","Dome House est"
5336.481456,30,"Blue Cloud main","Quick est"
5385.601613,31,"Blue Cloud main","Urban Farm Girlz Sheep Shed"
5425.344701,32,"Blue Cloud main","Urban Farm Girlz Red Barn"
5461.779428,33,"Blue Cloud main","Urban Farm Girls Chicken coop"
5800.507097,34,"Blue Cloud main","Grizz est"
6228.244095,35,"Blue Cloud main","James Ditch est"
6302.735018,36,"Blue Cloud main","Schaaps"
7511.536869,37,"Blue Cloud main","Cargill est"
8125.005075,38,"Blue Cloud main","Hepp awning"
8135.083191,39,"Blue Cloud main","Cooks"
8600.704332,40,"Blue Cloud main","Reinarz Garage est"
8635.838791,41,"Blue Cloud main","Reinarz shed est"
8789.331402,42,"Blue Cloud main","Alishas est"
9138.03965,43,"Blue Cloud main","Sol y Sombra est"
17.45443459,1,"Blue Cloud Middle Shed","Blue Cloud pony shed"
27.13005795,2,"Blue Cloud Middle Shed","Blue Cloud Gazebo"
52.87267263,3,"Blue Cloud Middle Shed","Blue Cloud wash room"
60.81465473,4,"Blue Cloud Middle Shed","Blue Cloud main"
384.2112683,5,"Blue Cloud Middle Shed","Nixon est"
912.2562113,6,"Blue Cloud Middle Shed","Green Mill est"
959.5430682,7,"Blue Cloud Middle Shed","Jays est"
996.6728216,8,"Blue Cloud Middle Shed","Starlight est"
1208.80991,9,"Blue Cloud Middle Shed","Struthers back shed"
1242.344394,10,"Blue Cloud Middle Shed","Struthers main"
1279.160161,11,"Blue Cloud Middle Shed","Struthers round"
1392.756566,12,"Blue Cloud Middle Shed","McCauley est"
2246.265623,13,"Blue Cloud Middle Shed","Jims Green Barn est"
2290.354762,14,"Blue Cloud Middle Shed","Speedwell est"
3129.47082,15,"Blue Cloud Middle Shed","Red Wagon porch est"
3160.454104,16,"Blue Cloud Middle Shed","Mayas est"
3708.902809,17,"Blue Cloud Middle Shed","Karens est"
3861.779098,18,"Blue Cloud Middle Shed","Make Believe"
3901.416272,19,"Blue Cloud Middle Shed","Make Believe Shed"
4095.447993,20,"Blue Cloud Middle Shed","CHR"
4307.733004,21,"Blue Cloud Middle Shed","Plumbumpy est"
4381.206088,22,"Blue Cloud Middle Shed","Brown Barn est"
4398.19486,23,"Blue Cloud Middle Shed","Boyer"
4597.928418,24,"Blue Cloud Middle Shed","Mary Anns est"
4705.235243,25,"Blue Cloud Middle Shed","Cathys est"
4715.612373,26,"Blue Cloud Middle Shed","Cathys trailer est"
4822.171759,27,"Blue Cloud Middle Shed","Martes est"
4895.888307,28,"Blue Cloud Middle Shed","Ericas"
5288.067559,29,"Blue Cloud Middle Shed","Dome House est"
5299.365942,30,"Blue Cloud Middle Shed","Quick est"
5366.224006,31,"Blue Cloud Middle Shed","Urban Farm Girlz Sheep Shed"
5405.816766,32,"Blue Cloud Middle Shed","Urban Farm Girlz Red Barn"
5442.881442,33,"Blue Cloud Middle Shed","Urban Farm Girls Chicken coop"
5861.833044,34,"Blue Cloud Middle Shed","Grizz est"
6218.216346,35,"Blue Cloud Middle Shed","James Ditch est"
6335.802989,36,"Blue Cloud Middle Shed","Schaaps"
7534.498162,37,"Blue Cloud Middle Shed","Cargill est"
8126.824831,38,"Blue Cloud Middle Shed","Hepp awning"
8131.940467,39,"Blue Cloud Middle Shed","Cooks"
8588.558352,40,"Blue Cloud Middle Shed","Reinarz Garage est"
8623.5855,41,"Blue Cloud Middle Shed","Reinarz shed est"
8774.645289,42,"Blue Cloud Middle Shed","Alishas est"
9130.390141,43,"Blue Cloud Middle Shed","Sol y Sombra est"
52.87267263,1,"Blue Cloud wash room","Blue Cloud Middle Shed"
62.45916201,2,"Blue Cloud wash room","Blue Cloud pony shed"
86.33132477,3,"Blue Cloud wash room","Blue Cloud Gazebo"
116.1169953,4,"Blue Cloud wash room","Blue Cloud main"
310.2362909,5,"Blue Cloud wash room","Nixon est"
899.1529676,6,"Blue Cloud wash room","Green Mill est"
914.42837,7,"Blue Cloud wash room","Jays est"
1040.971462,8,"Blue Cloud wash room","Starlight est"
1193.685977,9,"Blue Cloud wash room","Struthers back shed"
1226.390882,10,"Blue Cloud wash room","Struthers main"
1265.919094,11,"Blue Cloud wash room","Struthers round"
1383.613594,12,"Blue Cloud wash room","McCauley est"
2194.076336,13,"Blue Cloud wash room","Jims Green Barn est"
2281.62597,14,"Blue Cloud wash room","Speedwell est"
3111.68969,15,"Blue Cloud wash room","Mayas est"
3132.210005,16,"Blue Cloud wash room","Red Wagon porch est"
3661.800532,17,"Blue Cloud wash room","Karens est"
3784.462198,18,"Blue Cloud wash room","Make Believe"
3824.134193,19,"Blue Cloud wash room","Make Believe Shed"
4042.916177,20,"Blue Cloud wash room","CHR"
4322.250592,21,"Blue Cloud wash room","Plumbumpy est"
4386.85864,22,"Blue Cloud wash room","Boyer"
4431.574785,23,"Blue Cloud wash room","Brown Barn est"
4561.010246,24,"Blue Cloud wash room","Mary Anns est"
4671.073588,25,"Blue Cloud wash room","Cathys est"
4681.781374,26,"Blue Cloud wash room","Cathys trailer est"
4818.568768,27,"Blue Cloud wash room","Martes est"
4861.524344,28,"Blue Cloud wash room","Ericas"
5284.276128,29,"Blue Cloud wash room","Quick est"
5294.307626,30,"Blue Cloud wash room","Dome House est"
5375.311974,31,"Blue Cloud wash room","Urban Farm Girlz Sheep Shed"
5414.704137,32,"Blue Cloud wash room","Urban Farm Girlz Red Barn"
5452.566386,33,"Blue Cloud wash room","Urban Farm Girls Chicken coop"
5921.003268,34,"Blue Cloud wash room","Grizz est"
6159.334805,35,"Blue Cloud wash room","James Ditch est"
6384.006083,36,"Blue Cloud wash room","Schaaps"
7509.74856,37,"Blue Cloud wash room","Cargill est"
8078.861616,38,"Blue Cloud wash room","Hepp awning"
8079.165808,39,"Blue Cloud wash room","Cooks"
8527.683609,40,"Blue Cloud wash room","Reinarz Garage est"
8562.618015,41,"Blue Cloud wash room","Reinarz shed est"
8711.64143,42,"Blue Cloud wash room","Alishas est"
9073.411897,43,"Blue Cloud wash room","Sol y Sombra est"
31.72741803,1,"Urban Farm Girlz Sheep Shed","Urban Farm Girlz Red Barn"
76.39529083,2,"Urban Farm Girlz Sheep Shed","Urban Farm Girls Chicken coop"
183.2160072,3,"Urban Farm Girlz Sheep Shed","Dome House est"
942.164708,4,"Urban Farm Girlz Sheep Shed","Martes est"
1109.676339,5,"Urban Farm Girlz Sheep Shed","Plumbumpy est"
1535.559226,6,"Urban Farm Girlz Sheep Shed","Boyer"
1550.740645,7,"Urban Farm Girlz Sheep Shed","Quick est"
2259.514836,8,"Urban Farm Girlz Sheep Shed","Red Wagon porch est"
2715.210023,9,"Urban Farm Girlz Sheep Shed","Cathys trailer est"
2733.095014,10,"Urban Farm Girlz Sheep Shed","Cathys est"
2900.906662,11,"Urban Farm Girlz Sheep Shed","Mary Anns est"
3172.886591,12,"Urban Farm Girlz Sheep Shed","Speedwell est"
4129.296962,13,"Urban Farm Girlz Sheep Shed","Brown Barn est"
4154.959669,14,"Urban Farm Girlz Sheep Shed","Struthers round"
4200.884412,15,"Urban Farm Girlz Sheep Shed","Struthers main"
4231.890601,16,"Urban Farm Girlz Sheep Shed","Struthers back shed"
4494.093688,17,"Urban Farm Girlz Sheep Shed","Green Mill est"
4582.444628,18,"Urban Farm Girlz Sheep Shed","Schaaps"
4680.237414,19,"Urban Farm Girlz Sheep Shed","Jays est"
5255.661713,20,"Urban Farm Girlz Sheep Shed","Nixon est"
5360.094296,21,"Urban Farm Girlz Sheep Shed","Blue Cloud Gazebo"
5366.224006,22,"Urban Farm Girlz Sheep Shed","Blue Cloud Middle Shed"
5375.311974,23,"Urban Farm Girlz Sheep Shed","Blue Cloud wash room"
5385.601613,24,"Urban Farm Girlz Sheep Shed","Blue Cloud main"
5386.47096,25,"Urban Farm Girlz Sheep Shed","Blue Cloud pony shed"
5761.465774,26,"Urban Farm Girlz Sheep Shed","Make Believe"
5785.609859,27,"Urban Farm Girlz Sheep Shed","Make Believe Shed"
5910.808594,28,"Urban Farm Girlz Sheep Shed","Starlight est"
6755.369969,29,"Urban Farm Girlz Sheep Shed","McCauley est"
7121.089275,30,"Urban Farm Girlz Sheep Shed","Grizz est"
7424.919949,31,"Urban Farm Girlz Sheep Shed","Jims Green Barn est"
8340.106515,32,"Urban Farm Girlz Sheep Shed","Mayas est"
8892.586888,33,"Urban Farm Girlz Sheep Shed","Karens est"
9185.52607,34,"Urban Farm Girlz Sheep Shed","CHR"
10193.59018,35,"Urban Farm Girlz Sheep Shed","Ericas"
11089.55595,36,"Urban Farm Girlz Sheep Shed","James Ditch est"
12884.12248,37,"Urban Farm Girlz Sheep Shed","Cargill est"
13112.56561,38,"Urban Farm Girlz Sheep Shed","Cooks"
13212.09047,39,"Urban Farm Girlz Sheep Shed","Hepp awning"
13323.34812,40,"Urban Farm Girlz Sheep Shed","Reinarz Garage est"
13354.17847,41,"Urban Farm Girlz Sheep Shed","Reinarz shed est"
13425.92039,42,"Urban Farm Girlz Sheep Shed","Alishas est"
13978.54564,43,"Urban Farm Girlz Sheep Shed","Sol y Sombra est"
31.72741803,1,"Urban Farm Girlz Red Barn","Urban Farm Girlz Sheep Shed"
44.5368353,2,"Urban Farm Girlz Red Barn","Urban Farm Girls Chicken coop"
188.8267807,3,"Urban Farm Girlz Red Barn","Dome House est"
956.158553,4,"Urban Farm Girlz Red Barn","Martes est"
1151.306602,5,"Urban Farm Girlz Red Barn","Plumbumpy est"
1543.345486,6,"Urban Farm Girlz Red Barn","Quick est"
1553.622187,7,"Urban Farm Girlz Red Barn","Boyer"
2297.37905,8,"Urban Farm Girlz Red Barn","Red Wagon porch est"
2720.939974,9,"Urban Farm Girlz Red Barn","Cathys trailer est"
2738.939865,10,"Urban Farm Girlz Red Barn","Cathys est"
2908.435718,11,"Urban Farm Girlz Red Barn","Mary Anns est"
3210.005678,12,"Urban Farm Girlz Red Barn","Speedwell est"
4163.427802,13,"Urban Farm Girlz Red Barn","Brown Barn est"
4193.248708,14,"Urban Farm Girlz Red Barn","Struthers round"
4239.054456,15,"Urban Farm Girlz Red Barn","Struthers main"
4270.106524,16,"Urban Farm Girlz Red Barn","Struthers back shed"
4532.830932,17,"Urban Farm Girlz Red Barn","Green Mill est"
4602.822467,18,"Urban Farm Girlz Red Barn","Schaaps"
4717.748442,19,"Urban Farm Girlz Red Barn","Jays est"
5294.245582,20,"Urban Farm Girlz Red Barn","Nixon est"
5399.769922,21,"Urban Farm Girlz Red Barn","Blue Cloud Gazebo"
5405.816766,22,"Urban Farm Girlz Red Barn","Blue Cloud Middle Shed"
5414.704137,23,"Urban Farm Girlz Red Barn","Blue Cloud wash room"
5425.344701,24,"Urban Farm Girlz Red Barn","Blue Cloud main"
5426.087032,25,"Urban Farm Girlz Red Barn","Blue Cloud pony shed"
5781.976718,26,"Urban Farm Girlz Red Barn","Make Believe"
5805.918087,27,"Urban Farm Girlz Red Barn","Make Believe Shed"
5951.875455,28,"Urban Farm Girlz Red Barn","Starlight est"
6795.257655,29,"Urban Farm Girlz Red Barn","McCauley est"
7154.889076,30,"Urban Farm Girlz Red Barn","Grizz est"
7462.259695,31,"Urban Farm Girlz Red Barn","Jims Green Barn est"
8377.162056,32,"Urban Farm Girlz Red Barn","Mayas est"
8929.496306,33,"Urban Farm Girlz Red Barn","Karens est"
9221.430103,34,"Urban Farm Girlz Red Barn","CHR"
10231.47892,35,"Urban Farm Girlz Red Barn","Ericas"
11122.77787,36,"Urban Farm Girlz Red Barn","James Ditch est"
12922.78747,37,"Urban Farm Girlz Red Barn","Cargill est"
13146.32277,38,"Urban Farm Girlz Red Barn","Cooks"
13246.9714,39,"Urban Farm Girlz Red Barn","Hepp awning"
13354.63271,40,"Urban Farm Girlz Red Barn","Reinarz Garage est"
13385.41544,41,"Urban Farm Girlz Red Barn","Reinarz shed est"
13456.40118,42,"Urban Farm Girlz Red Barn","Alishas est"
14010.77174,43,"Urban Farm Girlz Red Barn","Sol y Sombra est"
598.0563279,1,"Boyer","Martes est"
909.9309874,2,"Boyer","Quick est"
1307.384268,3,"Boyer","Cathys trailer est"
1321.64081,4,"Boyer","Cathys est"
1354.445201,5,"Boyer","Dome House est"
1405.996859,6,"Boyer","Red Wagon porch est"
1414.317561,7,"Boyer","Plumbumpy est"
1447.564134,8,"Boyer","Mary Anns est"
1535.559226,9,"Boyer","Urban Farm Girlz Sheep Shed"
1553.622187,10,"Boyer","Urban Farm Girlz Red Barn"
1616.582165,11,"Boyer","Urban Farm Girls Chicken coop"
2103.892922,12,"Boyer","Speedwell est"
3116.434557,13,"Boyer","Struthers round"
3150.777513,14,"Boyer","Struthers main"
3183.906215,15,"Boyer","Struthers back shed"
3477.104084,16,"Boyer","Green Mill est"
3559.266481,17,"Boyer","Jays est"
4199.10799,18,"Boyer","Nixon est"
4212.841149,19,"Boyer","Make Believe"
4236.162737,20,"Boyer","Make Believe Shed"
4386.85864,21,"Boyer","Blue Cloud wash room"
4398.19486,22,"Boyer","Blue Cloud Middle Shed"
4400.928463,23,"Boyer","Blue Cloud Gazebo"
4420.238605,24,"Boyer","Blue Cloud pony shed"
4432.865572,25,"Boyer","Blue Cloud main"
4601.983252,26,"Boyer","Brown Barn est"
5132.809823,27,"Boyer","Starlight est"
5585.679033,28,"Boyer","Schaaps"
5785.507539,29,"Boyer","McCauley est"
6240.922754,30,"Boyer","Jims Green Barn est"
7128.769935,31,"Boyer","Mayas est"
7507.429375,32,"Boyer","Grizz est"
7670.061205,33,"Boyer","Karens est"
7918.345849,34,"Boyer","CHR"
9023.210323,35,"Boyer","Ericas"
9722.906493,36,"Boyer","James Ditch est"
11754.28006,37,"Boyer","Cargill est"
11757.49343,38,"Boyer","Cooks"
11893.15234,39,"Boyer","Hepp awning"
11902.99117,40,"Boyer","Reinarz Garage est"
11932.70755,41,"Boyer","Reinarz shed est"
11988.04856,42,"Boyer","Alishas est"
12579.88142,43,"Boyer","Sol y Sombra est"
472.2447997,1,"CHR","Karens est"
933.8742003,2,"CHR","Mayas est"
1354.321728,3,"CHR","Ericas"
1832.254586,4,"CHR","Jims Green Barn est"
2143.236081,5,"CHR","James Ditch est"
3047.854589,6,"CHR","McCauley est"
3994.085499,7,"CHR","Cargill est"
3998.148258,8,"CHR","Cooks"
4014.436176,9,"CHR","Hepp awning"
4042.916177,10,"CHR","Blue Cloud wash room"
4043.444267,11,"CHR","Nixon est"
4079.653017,12,"CHR","Blue Cloud pony shed"
4095.447993,13,"CHR","Blue Cloud Middle Shed"
4098.901931,14,"CHR","Blue Cloud main"
4114.983601,15,"CHR","Blue Cloud Gazebo"
4201.340222,16,"CHR","Starlight est"
4522.361866,17,"CHR","Reinarz Garage est"
4525.471845,18,"CHR","Jays est"
4558.769662,19,"CHR","Reinarz shed est"
4749.896042,20,"CHR","Alishas est"
4777.40736,21,"CHR","Green Mill est"
4912.593342,22,"CHR","Make Believe"
4939.785049,23,"CHR","Make Believe Shed"
5004.588626,24,"CHR","Struthers back shed"
5012.824714,25,"CHR","Sol y Sombra est"
5026.901367,26,"CHR","Struthers main"
5082.708126,27,"CHR","Struthers round"
6015.097136,28,"CHR","Speedwell est"
6937.504321,29,"CHR","Red Wagon porch est"
7493.669043,30,"CHR","Mary Anns est"
7669.293552,31,"CHR","Cathys est"
7688.002053,32,"CHR","Cathys trailer est"
7918.345849,33,"CHR","Boyer"
8226.205846,34,"CHR","Plumbumpy est"
8343.879738,35,"CHR","Brown Barn est"
8462.904111,36,"CHR","Martes est"
8694.328548,37,"CHR","Quick est"
9043.332152,38,"CHR","Grizz est"
9069.221045,39,"CHR","Dome House est"
9185.52607,40,"CHR","Urban Farm Girlz Sheep Shed"
9221.430103,41,"CHR","Urban Farm Girlz Red Barn"
9268.325417,42,"CHR","Urban Farm Girls Chicken coop"
10327.46931,43,"CHR","Schaaps"
472.2447997,1,"Karens est","CHR"
542.253977,2,"Karens est","Mayas est"
1390.142869,3,"Karens est","Ericas"
1466.050435,4,"Karens est","Jims Green Barn est"
2592.894837,5,"Karens est","McCauley est"
2629.104175,6,"Karens est","James Ditch est"
3661.800532,7,"Karens est","Blue Cloud wash room"
3689.768224,8,"Karens est","Nixon est"
3691.650043,9,"Karens est","Blue Cloud pony shed"
3706.930068,10,"Karens est","Blue Cloud main"
3708.902809,11,"Karens est","Blue Cloud Middle Shed"
3726.155519,12,"Karens est","Blue Cloud Gazebo"
3749.211359,13,"Karens est","Starlight est"
4131.537425,14,"Karens est","Cargill est"
4210.393452,15,"Karens est","Jays est"
4403.559271,16,"Karens est","Hepp awning"
4427.496664,17,"Karens est","Cooks"
4436.810386,18,"Karens est","Green Mill est"
4679.056156,19,"Karens est","Struthers back shed"
4702.614612,20,"Karens est","Struthers main"
4756.860343,21,"Karens est","Struthers round"
4897.580448,22,"Karens est","Make Believe"
4927.528666,23,"Karens est","Make Believe Shed"
5000.971703,24,"Karens est","Reinarz Garage est"
5037.663837,25,"Karens est","Reinarz shed est"
5236.978782,26,"Karens est","Alishas est"
5468.059933,27,"Karens est","Sol y Sombra est"
5716.249019,28,"Karens est","Speedwell est"
6634.506817,29,"Karens est","Red Wagon porch est"
7326.512234,30,"Karens est","Mary Anns est"
7495.612267,31,"Karens est","Cathys est"
7513.467945,32,"Karens est","Cathys trailer est"
7670.061205,33,"Karens est","Boyer"
7901.017708,34,"Karens est","Brown Barn est"
7907.5806,35,"Karens est","Plumbumpy est"
8198.82252,36,"Karens est","Martes est"
8470.731987,37,"Karens est","Quick est"
8552.232388,38,"Karens est","Grizz est"
8783.389425,39,"Karens est","Dome House est"
8892.586888,40,"Karens est","Urban Farm Girlz Sheep Shed"
8929.496306,41,"Karens est","Urban Farm Girlz Red Barn"
8974.418072,42,"Karens est","Urban Farm Girls Chicken coop"
9885.553335,43,"Karens est","Schaaps"
542.253977,1,"Mayas est","Karens est"
910.7682269,2,"Mayas est","Jims Green Barn est"
933.8742003,3,"Mayas est","CHR"
1895.696309,4,"Mayas est","Ericas"
2098.640348,5,"Mayas est","McCauley est"
3108.789025,6,"Mayas est","James Ditch est"
3111.68969,7,"Mayas est","Blue Cloud wash room"
3134.903001,8,"Mayas est","Nixon est"
3143.670975,9,"Mayas est","Blue Cloud pony shed"
3160.370672,10,"Mayas est","Blue Cloud main"
3160.454104,11,"Mayas est","Blue Cloud Middle Shed"
3178.481318,12,"Mayas est","Blue Cloud Gazebo"
3249.370723,13,"Mayas est","Starlight est"
3656.333834,14,"Mayas est","Jays est"
3881.441823,15,"Mayas est","Green Mill est"
4123.973844,16,"Mayas est","Struthers back shed"
4147.600318,17,"Mayas est","Struthers main"
4201.748132,18,"Mayas est","Struthers round"
4502.170914,19,"Mayas est","Make Believe"
4534.198002,20,"Mayas est","Make Believe Shed"
4642.979603,21,"Mayas est","Cargill est"
4950.847558,22,"Mayas est","Hepp awning"
4960.277792,23,"Mayas est","Cooks"
5163.692786,24,"Mayas est","Speedwell est"
5490.276151,25,"Mayas est","Reinarz Garage est"
5526.520038,26,"Mayas est","Reinarz shed est"
5711.217384,27,"Mayas est","Alishas est"
5983.841304,28,"Mayas est","Sol y Sombra est"
6081.081063,29,"Mayas est","Red Wagon porch est"
6818.882867,30,"Mayas est","Mary Anns est"
6984.468797,31,"Mayas est","Cathys est"
7001.880333,32,"Mayas est","Cathys trailer est"
7128.769935,33,"Mayas est","Boyer"
7352.541132,34,"Mayas est","Plumbumpy est"
7389.355703,35,"Mayas est","Brown Barn est"
7652.947606,36,"Mayas est","Martes est"
7937.177626,37,"Mayas est","Quick est"
8151.952872,38,"Mayas est","Grizz est"
8232.085355,39,"Mayas est","Dome House est"
8340.106515,40,"Mayas est","Urban Farm Girlz Sheep Shed"
8377.162056,41,"Mayas est","Urban Farm Girlz Red Barn"
8421.781153,42,"Mayas est","Urban Farm Girls Chicken coop"
9372.899471,43,"Mayas est","Schaaps"
183.2160072,1,"Dome House est","Urban Farm Girlz Sheep Shed"
188.8267807,2,"Dome House est","Urban Farm Girlz Red Barn"
253.1859538,3,"Dome House est","Urban Farm Girls Chicken coop"
754.3921767,4,"Dome House est","Martes est"
1104.534871,5,"Dome House est","Plumbumpy est"
1354.445201,6,"Dome House est","Boyer"
1362.448912,7,"Dome House est","Quick est"
2164.182449,8,"Dome House est","Red Wagon porch est"
2520.42203,9,"Dome House est","Cathys trailer est"
2538.343822,10,"Dome House est","Cathys est"
2706.870892,11,"Dome House est","Mary Anns est"
3067.485267,12,"Dome House est","Speedwell est"
4061.220749,13,"Dome House est","Struthers round"
4105.80886,14,"Dome House est","Struthers main"
4137.288335,15,"Dome House est","Struthers back shed"
4231.506187,16,"Dome House est","Brown Barn est"
4405.245315,17,"Dome House est","Green Mill est"
4577.827249,18,"Dome House est","Jays est"
4748.689964,19,"Dome House est","Schaaps"
5164.517295,20,"Dome House est","Nixon est"
5283.160703,21,"Dome House est","Blue Cloud Gazebo"
5288.067559,22,"Dome House est","Blue Cloud Middle Shed"
5294.307626,23,"Dome House est","Blue Cloud wash room"
5308.64335,24,"Dome House est","Blue Cloud pony shed"
5309.66736,25,"Dome House est","Blue Cloud main"
5584.703476,26,"Dome House est","Make Believe"
5608.397375,27,"Dome House est","Make Believe Shed"
5861.018122,28,"Dome House est","Starlight est"
6681.052678,29,"Dome House est","McCauley est"
7223.958438,30,"Dome House est","Grizz est"
7319.778778,31,"Dome House est","Jims Green Barn est"
8232.085355,32,"Dome House est","Mayas est"
8783.389425,33,"Dome House est","Karens est"
9069.221045,34,"Dome House est","CHR"
10093.56871,35,"Dome House est","Ericas"
10957.13915,36,"Dome House est","James Ditch est"
12792.2481,37,"Dome House est","Cargill est"
12982.92152,38,"Dome House est","Cooks"
13088.93814,39,"Dome House est","Hepp awning"
13181.28524,40,"Dome House est","Reinarz Garage est"
13211.89713,41,"Dome House est","Reinarz shed est"
13280.28412,42,"Dome House est","Alishas est"
13840.90913,43,"Dome House est","Sol y Sombra est"
598.0563279,1,"Martes est","Boyer"
754.3921767,2,"Martes est","Dome House est"
843.7896312,3,"Martes est","Quick est"
942.164708,4,"Martes est","Urban Farm Girlz Sheep Shed"
956.158553,5,"Martes est","Urban Farm Girlz Red Barn"
1020.086822,6,"Martes est","Urban Farm Girls Chicken coop"
1165.857169,7,"Martes est","Plumbumpy est"
1711.081872,8,"Martes est","Red Wagon porch est"
1788.460347,9,"Martes est","Cathys trailer est"
1805.528327,10,"Martes est","Cathys est"
1963.432945,11,"Martes est","Mary Anns est"
2538.549595,12,"Martes est","Speedwell est"
3555.724472,13,"Martes est","Struthers round"
3595.080553,14,"Martes est","Struthers main"
3627.755946,15,"Martes est","Struthers back shed"
3912.050933,16,"Martes est","Green Mill est"
4035.492836,17,"Martes est","Jays est"
4462.0487,18,"Martes est","Brown Barn est"
4655.442327,19,"Martes est","Nixon est"
4818.568768,20,"Martes est","Blue Cloud wash room"
4821.527196,21,"Martes est","Blue Cloud Gazebo"
4822.171759,22,"Martes est","Blue Cloud Middle Shed"
4828.138032,23,"Martes est","Make Believe"
4843.689636,24,"Martes est","Blue Cloud pony shed"
4851.185476,25,"Martes est","Make Believe Shed"
4851.236295,26,"Martes est","Blue Cloud main"
5245.804396,27,"Martes est","Schaaps"
5489.159886,28,"Martes est","Starlight est"
6218.074601,29,"Martes est","McCauley est"
6752.95873,30,"Martes est","Jims Green Barn est"
7425.779049,31,"Martes est","Grizz est"
7652.947606,32,"Martes est","Mayas est"
8198.82252,33,"Martes est","Karens est"
8462.904111,34,"Martes est","CHR"
9535.672506,35,"Martes est","Ericas"
10300.5454,36,"Martes est","James Ditch est"
12255.53493,37,"Martes est","Cargill est"
12332.58471,38,"Martes est","Cooks"
12457.24158,39,"Martes est","Hepp awning"
12496.85,40,"Martes est","Reinarz Garage est"
12526.87419,41,"Martes est","Reinarz shed est"
12586.55457,42,"Martes est","Alishas est"
13167.93431,43,"Martes est","Sol y Sombra est"
1104.534871,1,"Plumbumpy est","Dome House est"
1109.676339,2,"Plumbumpy est","Urban Farm Girlz Sheep Shed"
1151.306602,3,"Plumbumpy est","Urban Farm Girlz Red Barn"
1165.857169,4,"Plumbumpy est","Martes est"
1172.46794,5,"Plumbumpy est","Urban Farm Girls Chicken coop"
1312.013059,6,"Plumbumpy est","Red Wagon porch est"
1414.317561,7,"Plumbumpy est","Boyer"
2015.835502,8,"Plumbumpy est","Quick est"
2225.353422,9,"Plumbumpy est","Speedwell est"
2732.032048,10,"Plumbumpy est","Cathys trailer est"
2745.38158,11,"Plumbumpy est","Cathys est"
2855.369504,12,"Plumbumpy est","Mary Anns est"
3146.352001,13,"Plumbumpy est","Struthers round"
3195.317127,14,"Plumbumpy est","Struthers main"
3223.45915,15,"Plumbumpy est","Struthers back shed"
3282.73295,16,"Plumbumpy est","Brown Barn est"
3467.682599,17,"Plumbumpy est","Green Mill est"
3693.10852,18,"Plumbumpy est","Jays est"
4158.187452,19,"Plumbumpy est","Schaaps"
4229.89867,20,"Plumbumpy est","Nixon est"
4298.903596,21,"Plumbumpy est","Blue Cloud Gazebo"
4307.733004,22,"Plumbumpy est","Blue Cloud Middle Shed"
4322.122415,23,"Plumbumpy est","Blue Cloud main"
4322.250592,24,"Plumbumpy est","Blue Cloud wash room"
4327.151894,25,"Plumbumpy est","Blue Cloud pony shed"
4803.781124,26,"Plumbumpy est","Starlight est"
5249.655973,27,"Plumbumpy est","Make Believe"
5278.998976,28,"Plumbumpy est","Make Believe Shed"
5684.344971,29,"Plumbumpy est","McCauley est"
6252.384807,30,"Plumbumpy est","Grizz est"
6429.690483,31,"Plumbumpy est","Jims Green Barn est"
7352.541132,32,"Plumbumpy est","Mayas est"
7907.5806,33,"Plumbumpy est","Karens est"
8226.205846,34,"Plumbumpy est","CHR"
9177.255137,35,"Plumbumpy est","Ericas"
10196.20196,36,"Plumbumpy est","James Ditch est"
11843.51027,37,"Plumbumpy est","Cargill est"
12201.81193,38,"Plumbumpy est","Cooks"
12272.40375,39,"Plumbumpy est","Hepp awning"
12476.1503,40,"Plumbumpy est","Reinarz Garage est"
12508.16325,41,"Plumbumpy est","Reinarz shed est"
12599.41288,42,"Plumbumpy est","Alishas est"
13105.97898,43,"Plumbumpy est","Sol y Sombra est"
918.9994827,1,"Speedwell est","Red Wagon porch est"
1013.604361,2,"Speedwell est","Struthers round"
1052.137445,3,"Speedwell est","Struthers main"
1084.868369,4,"Speedwell est","Struthers back shed"
1372.272488,5,"Speedwell est","Green Mill est"
1507.159313,6,"Speedwell est","Jays est"
2103.892922,7,"Speedwell est","Boyer"
2112.75944,8,"Speedwell est","Nixon est"
2225.353422,9,"Speedwell est","Plumbumpy est"
2281.62597,10,"Speedwell est","Blue Cloud wash room"
2290.354762,11,"Speedwell est","Blue Cloud Middle Shed"
2292.39805,12,"Speedwell est","Blue Cloud Gazebo"
2312.29072,13,"Speedwell est","Blue Cloud pony shed"
2324.039286,14,"Speedwell est","Blue Cloud main"
2538.549595,15,"Speedwell est","Martes est"
2560.057398,16,"Speedwell est","Mary Anns est"
2613.652419,17,"Speedwell est","Cathys est"
2618.16454,18,"Speedwell est","Cathys trailer est"
3012.732809,19,"Speedwell est","Quick est"
3048.770223,20,"Speedwell est","Starlight est"
3067.485267,21,"Speedwell est","Dome House est"
3172.886591,22,"Speedwell est","Urban Farm Girlz Sheep Shed"
3210.005678,23,"Speedwell est","Urban Farm Girlz Red Barn"
3254.597171,24,"Speedwell est","Urban Farm Girls Chicken coop"
3455.712605,25,"Speedwell est","Make Believe"
3491.628871,26,"Speedwell est","Make Believe Shed"
3681.811911,27,"Speedwell est","McCauley est"
3873.11753,28,"Speedwell est","Brown Barn est"
4249.399403,29,"Speedwell est","Jims Green Barn est"
5163.692786,30,"Speedwell est","Mayas est"
5484.753839,31,"Speedwell est","Schaaps"
5716.249019,32,"Speedwell est","Karens est"
6015.097136,33,"Speedwell est","CHR"
6358.273376,34,"Speedwell est","Grizz est"
7022.996154,35,"Speedwell est","Ericas"
7966.221331,36,"Speedwell est","James Ditch est"
9727.873731,37,"Speedwell est","Cargill est"
9974.089273,38,"Speedwell est","Cooks"
10053.07104,39,"Speedwell est","Hepp awning"
10249.6337,40,"Speedwell est","Reinarz Garage est"
10281.86837,41,"Speedwell est","Reinarz shed est"
10377.88887,42,"Speedwell est","Alishas est"
10876.12541,43,"Speedwell est","Sol y Sombra est"
376.7434962,1,"Jays est","Green Mill est"
480.3136516,2,"Jays est","Struthers back shed"
499.3814932,3,"Jays est","Struthers main"
557.3733658,4,"Jays est","Struthers round"
652.377305,5,"Jays est","Nixon est"
914.42837,6,"Jays est","Blue Cloud wash room"
959.5430682,7,"Jays est","Blue Cloud Middle Shed"
977.958485,8,"Jays est","Blue Cloud Gazebo"
981.275939,9,"Jays est","Blue Cloud pony shed"
1016.758014,10,"Jays est","Blue Cloud main"
1507.159313,11,"Jays est","Speedwell est"
1931.655531,12,"Jays est","Starlight est"
2254.426129,13,"Jays est","McCauley est"
2418.784012,14,"Jays est","Red Wagon porch est"
2738.313069,15,"Jays est","Jims Green Barn est"
3104.670145,16,"Jays est","Make Believe"
3143.86546,17,"Jays est","Make Believe Shed"
3559.266481,18,"Jays est","Boyer"
3638.049199,19,"Jays est","Mary Anns est"
3656.333834,20,"Jays est","Mayas est"
3693.10852,21,"Jays est","Plumbumpy est"
3752.774519,22,"Jays est","Cathys est"
3764.138137,23,"Jays est","Cathys trailer est"
4035.492836,24,"Jays est","Martes est"
4210.393452,25,"Jays est","Karens est"
4432.380564,26,"Jays est","Quick est"
4485.817029,27,"Jays est","Brown Barn est"
4525.471845,28,"Jays est","CHR"
4577.827249,29,"Jays est","Dome House est"
4680.237414,30,"Jays est","Urban Farm Girlz Sheep Shed"
4717.748442,31,"Jays est","Urban Farm Girlz Red Barn"
4761.456868,32,"Jays est","Urban Farm Girls Chicken coop"
5509.537768,33,"Jays est","Ericas"
6345.601529,34,"Jays est","Schaaps"
6396.907184,35,"Jays est","Grizz est"
6532.860455,36,"Jays est","James Ditch est"
8216.261825,37,"Jays est","Cargill est"
8518.517871,38,"Jays est","Cooks"
8574.417996,39,"Jays est","Hepp awning"
8855.531142,40,"Jays est","Reinarz Garage est"
8888.90186,41,"Jays est","Reinarz shed est"
9006.032342,42,"Jays est","Alishas est"
9453.738509,43,"Jays est","Sol y Sombra est"
285.6095759,1,"Green Mill est","Struthers back shed"
319.575851,2,"Green Mill est","Struthers main"
356.2478644,3,"Green Mill est","Struthers round"
376.7434962,4,"Green Mill est","Jays est"
750.4600389,5,"Green Mill est","Nixon est"
899.1529676,6,"Green Mill est","Blue Cloud wash room"
912.2562113,7,"Green Mill est","Blue Cloud Middle Shed"
917.4242491,8,"Green Mill est","Blue Cloud Gazebo"
934.5151659,9,"Green Mill est","Blue Cloud pony shed"
951.230431,10,"Green Mill est","Blue Cloud main"
1372.272488,11,"Green Mill est","Speedwell est"
1775.499849,12,"Green Mill est","Starlight est"
2238.276421,13,"Green Mill est","Red Wagon porch est"
2298.840161,14,"Green Mill est","McCauley est"
2956.06427,15,"Green Mill est","Jims Green Barn est"
3456.574291,16,"Green Mill est","Make Believe"
3467.682599,17,"Green Mill est","Plumbumpy est"
3477.104084,18,"Green Mill est","Boyer"
3495.789748,19,"Green Mill est","Make Believe Shed"
3713.970485,20,"Green Mill est","Mary Anns est"
3810.865348,21,"Green Mill est","Cathys est"
3820.116967,22,"Green Mill est","Cathys trailer est"
3881.441823,23,"Green Mill est","Mayas est"
3912.050933,24,"Green Mill est","Martes est"
4101.644147,25,"Green Mill est","Brown Barn est"
4376.193432,26,"Green Mill est","Quick est"
4405.245315,27,"Green Mill est","Dome House est"
4436.810386,28,"Green Mill est","Karens est"
4494.093688,29,"Green Mill est","Urban Farm Girlz Sheep Shed"
4532.830932,30,"Green Mill est","Urban Farm Girlz Red Barn"
4573.061333,31,"Green Mill est","Urban Farm Girls Chicken coop"
4777.40736,32,"Green Mill est","CHR"
5697.405075,33,"Green Mill est","Ericas"
5969.940824,34,"Green Mill est","Schaaps"
6031.930317,35,"Green Mill est","Grizz est"
6824.990735,36,"Green Mill est","James Ditch est"
8377.740934,37,"Green Mill est","Cargill est"
8793.220725,38,"Green Mill est","Cooks"
8829.932085,39,"Green Mill est","Hepp awning"
9163.555455,40,"Green Mill est","Reinarz Garage est"
9197.376396,41,"Green Mill est","Reinarz shed est"
9322.879116,42,"Green Mill est","Alishas est"
9747.610983,43,"Green Mill est","Sol y Sombra est"
925.0130217,1,"Starlight est","Blue Cloud main"
970.8696427,2,"Starlight est","Blue Cloud Gazebo"
971.5671863,3,"Starlight est","Blue Cloud pony shed"
996.6728216,4,"Starlight est","Blue Cloud Middle Shed"
1040.971462,5,"Starlight est","Blue Cloud wash room"
1136.706631,6,"Starlight est","McCauley est"
1382.268199,7,"Starlight est","Nixon est"
1775.499849,8,"Starlight est","Green Mill est"
1931.655531,9,"Starlight est","Jays est"
2058.423622,10,"Starlight est","Struthers back shed"
2093.826763,11,"Starlight est","Struthers main"
2114.250417,12,"Starlight est","Struthers round"
2448.532105,13,"Starlight est","Jims Green Barn est"
3048.770223,14,"Starlight est","Speedwell est"
3249.370723,15,"Starlight est","Mayas est"
3749.211359,16,"Starlight est","Karens est"
3773.594023,17,"Starlight est","Red Wagon porch est"
4131.498019,18,"Starlight est","Brown Barn est"
4201.340222,19,"Starlight est","CHR"
4725.933757,20,"Starlight est","Ericas"
4803.781124,21,"Starlight est","Plumbumpy est"
4840.754384,22,"Starlight est","Make Believe"
4880.581633,23,"Starlight est","Make Believe Shed"
5119.532201,24,"Starlight est","Grizz est"
5132.809823,25,"Starlight est","Boyer"
5489.159886,26,"Starlight est","Martes est"
5499.704838,27,"Starlight est","Mary Anns est"
5591.154366,28,"Starlight est","Cathys est"
5599.583094,29,"Starlight est","Cathys trailer est"
5861.018122,30,"Starlight est","Dome House est"
5910.808594,31,"Starlight est","Urban Farm Girlz Sheep Shed"
5951.875455,32,"Starlight est","Urban Farm Girlz Red Barn"
5980.676768,33,"Starlight est","Urban Farm Girls Chicken coop"
6054.153996,34,"Starlight est","Quick est"
6115.771802,35,"Starlight est","Schaaps"
6379.834033,36,"Starlight est","James Ditch est"
7203.921675,37,"Starlight est","Cargill est"
8099.818982,38,"Starlight est","Hepp awning"
8176.916513,39,"Starlight est","Cooks"
8760.51884,40,"Starlight est","Reinarz Garage est"
8796.87773,41,"Starlight est","Reinarz shed est"
8982.063967,42,"Starlight est","Alishas est"
9234.280888,43,"Starlight est","Sol y Sombra est"
12.45093083,1,"Cathys est","Cathys trailer est"
185.3781345,2,"Cathys est","Mary Anns est"
1321.64081,3,"Cathys est","Boyer"
1329.5795,4,"Cathys est","Quick est"
1805.528327,5,"Cathys est","Martes est"
2334.117655,6,"Cathys est","Red Wagon porch est"
2538.343822,7,"Cathys est","Dome House est"
2613.652419,8,"Cathys est","Speedwell est"
2733.095014,9,"Cathys est","Urban Farm Girlz Sheep Shed"
2738.939865,10,"Cathys est","Urban Farm Girlz Red Barn"
2745.38158,11,"Cathys est","Plumbumpy est"
2803.055639,12,"Cathys est","Urban Farm Girls Chicken coop"
3337.471654,13,"Cathys est","Make Believe"
3351.501,14,"Cathys est","Make Believe Shed"
3472.461076,15,"Cathys est","Struthers round"
3488.116073,16,"Cathys est","Struthers main"
3519.36266,17,"Cathys est","Struthers back shed"
3752.774519,18,"Cathys est","Jays est"
3810.865348,19,"Cathys est","Green Mill est"
4415.49507,20,"Cathys est","Nixon est"
4671.073588,21,"Cathys est","Blue Cloud wash room"
4705.235243,22,"Cathys est","Blue Cloud Middle Shed"
4717.884404,23,"Cathys est","Blue Cloud Gazebo"
4727.655764,24,"Cathys est","Blue Cloud pony shed"
4754.681144,25,"Cathys est","Blue Cloud main"
5591.154366,26,"Cathys est","Starlight est"
5829.700522,27,"Cathys est","Brown Barn est"
6007.252054,28,"Cathys est","McCauley est"
6168.015566,29,"Cathys est","Jims Green Barn est"
6915.132474,30,"Cathys est","Schaaps"
6984.468797,31,"Cathys est","Mayas est"
7495.612267,32,"Cathys est","Karens est"
7669.293552,33,"Cathys est","CHR"
8653.598166,34,"Cathys est","Grizz est"
8892.265055,35,"Cathys est","Ericas"
9274.6531,36,"Cathys est","James Ditch est"
11307.353,37,"Cathys est","Cooks"
11326.12457,38,"Cathys est","Reinarz Garage est"
11353.27955,39,"Cathys est","Reinarz shed est"
11373.09327,40,"Cathys est","Alishas est"
11501.69892,41,"Cathys est","Hepp awning"
11639.39045,42,"Cathys est","Cargill est"
12041.43977,43,"Cathys est","Sol y Sombra est"
185.3781345,1,"Mary Anns est","Cathys est"
213.978866,2,"Mary Anns est","Cathys trailer est"
1447.564134,3,"Mary Anns est","Boyer"
1526.871795,4,"Mary Anns est","Quick est"
1963.432945,5,"Mary Anns est","Martes est"
2353.635546,6,"Mary Anns est","Red Wagon porch est"
2560.057398,7,"Mary Anns est","Speedwell est"
2706.870892,8,"Mary Anns est","Dome House est"
2855.369504,9,"Mary Anns est","Plumbumpy est"
2900.906662,10,"Mary Anns est","Urban Farm Girlz Sheep Shed"
2908.435718,11,"Mary Anns est","Urban Farm Girlz Red Barn"
2972.721323,12,"Mary Anns est","Urban Farm Girls Chicken coop"
3139.663173,13,"Mary Anns est","Make Believe"
3153.762085,14,"Mary Anns est","Make Believe Shed"
3382.233613,15,"Mary Anns est","Struthers round"
3395.167737,16,"Mary Anns est","Struthers main"
3425.791319,17,"Mary Anns est","Struthers back shed"
3638.049199,18,"Mary Anns est","Jays est"
3713.970485,19,"Mary Anns est","Green Mill est"
4298.424879,20,"Mary Anns est","Nixon est"
4561.010246,21,"Mary Anns est","Blue Cloud wash room"
4597.928418,22,"Mary Anns est","Blue Cloud Middle Shed"
4611.799012,23,"Mary Anns est","Blue Cloud Gazebo"
4620.263101,24,"Mary Anns est","Blue Cloud pony shed"
4649.013242,25,"Mary Anns est","Blue Cloud main"
5499.704838,26,"Mary Anns est","Starlight est"
5883.260673,27,"Mary Anns est","McCauley est"
5885.082415,28,"Mary Anns est","Brown Barn est"
6010.964925,29,"Mary Anns est","Jims Green Barn est"
6818.882867,30,"Mary Anns est","Mayas est"
7017.188766,31,"Mary Anns est","Schaaps"
7326.512234,32,"Mary Anns est","Karens est"
7493.669043,33,"Mary Anns est","CHR"
8680.242731,34,"Mary Anns est","Grizz est"
8725.304623,35,"Mary Anns est","Ericas"
9083.968334,36,"Mary Anns est","James Ditch est"
11115.95446,37,"Mary Anns est","Cooks"
11130.50184,38,"Mary Anns est","Reinarz Garage est"
11157.58843,39,"Mary Anns est","Reinarz shed est"
11176.59539,40,"Mary Anns est","Alishas est"
11313.23631,41,"Mary Anns est","Hepp awning"
11471.65385,42,"Mary Anns est","Cargill est"
11846.77056,43,"Mary Anns est","Sol y Sombra est"
843.7896312,1,"Quick est","Martes est"
909.9309874,2,"Quick est","Boyer"
1310.192447,3,"Quick est","Cathys trailer est"
1329.5795,4,"Quick est","Cathys est"
1362.448912,5,"Quick est","Dome House est"
1526.871795,6,"Quick est","Mary Anns est"
1543.345486,7,"Quick est","Urban Farm Girlz Red Barn"
1550.740645,8,"Quick est","Urban Farm Girlz Sheep Shed"
1603.015432,9,"Quick est","Urban Farm Girls Chicken coop"
2015.835502,10,"Quick est","Plumbumpy est"
2328.401872,11,"Quick est","Red Wagon porch est"
3012.732809,12,"Quick est","Speedwell est"
4015.7167,13,"Quick est","Struthers round"
4047.282377,14,"Quick est","Struthers main"
4080.448058,15,"Quick est","Struthers back shed"
4376.193432,16,"Quick est","Green Mill est"
4432.380564,17,"Quick est","Jays est"
4644.456697,18,"Quick est","Make Believe"
4661.522764,19,"Quick est","Make Believe Shed"
5082.900453,20,"Quick est","Nixon est"
5284.276128,21,"Quick est","Blue Cloud wash room"
5299.365942,22,"Quick est","Blue Cloud Middle Shed"
5303.64507,23,"Quick est","Blue Cloud Gazebo"
5310.886222,24,"Quick est","Brown Barn est"
5321.587934,25,"Quick est","Blue Cloud pony shed"
5336.481456,26,"Quick est","Blue Cloud main"
6054.153996,27,"Quick est","Starlight est"
6060.95216,28,"Quick est","Schaaps"
6678.664738,29,"Quick est","McCauley est"
7067.071934,30,"Quick est","Jims Green Barn est"
7937.177626,31,"Quick est","Mayas est"
8269.068721,32,"Quick est","Grizz est"
8470.731987,33,"Quick est","Karens est"
8694.328548,34,"Quick est","CHR"
9841.319297,35,"Quick est","Ericas"
10421.81811,36,"Quick est","James Ditch est"
12459.24829,37,"Quick est","Cooks"
12542.28083,38,"Quick est","Reinarz Garage est"
12570.67773,39,"Quick est","Reinarz shed est"
12581.94369,40,"Quick est","Cargill est"
12606.82428,41,"Quick est","Alishas est"
12621.89473,42,"Quick est","Hepp awning"
13240.01203,43,"Quick est","Sol y Sombra est"
19.80435999,1,"Reinarz shed est","Reinarz Garage est"
326.9553962,2,"Reinarz shed est","Alishas est"
768.9768268,3,"Reinarz shed est","Sol y Sombra est"
1200.685865,4,"Reinarz shed est","Cooks"
1750.061847,5,"Reinarz shed est","Hepp awning"
2399.44702,6,"Reinarz shed est","James Ditch est"
4221.981552,7,"Reinarz shed est","Cargill est"
4464.840647,8,"Reinarz shed est","Ericas"
4558.769662,9,"Reinarz shed est","CHR"
5037.663837,10,"Reinarz shed est","Karens est"
5526.520038,11,"Reinarz shed est","Mayas est"
6384.987891,12,"Reinarz shed est","Jims Green Barn est"
7643.20871,13,"Reinarz shed est","McCauley est"
8068.720913,14,"Reinarz shed est","Make Believe"
8077.228061,15,"Reinarz shed est","Make Believe Shed"
8511.226588,16,"Reinarz shed est","Nixon est"
8562.618015,17,"Reinarz shed est","Blue Cloud wash room"
8610.420594,18,"Reinarz shed est","Blue Cloud pony shed"
8623.5855,19,"Reinarz shed est","Blue Cloud Middle Shed"
8635.838791,20,"Reinarz shed est","Blue Cloud main"
8646.634192,21,"Reinarz shed est","Blue Cloud Gazebo"
8796.87773,22,"Reinarz shed est","Starlight est"
8888.90186,23,"Reinarz shed est","Jays est"
9197.376396,24,"Reinarz shed est","Green Mill est"
9380.059998,25,"Reinarz shed est","Struthers back shed"
9398.404037,26,"Reinarz shed est","Struthers main"
9456.744013,27,"Reinarz shed est","Struthers round"
10281.86837,28,"Reinarz shed est","Speedwell est"
11157.58843,29,"Reinarz shed est","Mary Anns est"
11192.38592,30,"Reinarz shed est","Red Wagon porch est"
11353.27955,31,"Reinarz shed est","Cathys est"
11377.42479,32,"Reinarz shed est","Cathys trailer est"
11932.70755,33,"Reinarz shed est","Boyer"
12508.16325,34,"Reinarz shed est","Plumbumpy est"
12526.87419,35,"Reinarz shed est","Martes est"
12570.67773,36,"Reinarz shed est","Quick est"
12933.73228,37,"Reinarz shed est","Brown Barn est"
13211.89713,38,"Reinarz shed est","Dome House est"
13354.17847,39,"Reinarz shed est","Urban Farm Girlz Sheep Shed"
13385.41544,40,"Reinarz shed est","Urban Farm Girlz Red Barn"
13439.24045,41,"Reinarz shed est","Urban Farm Girls Chicken coop"
13524.21861,42,"Reinarz shed est","Grizz est"
14915.48545,43,"Reinarz shed est","Schaaps"
19.80435999,1,"Reinarz Garage est","Reinarz shed est"
364.6978877,2,"Reinarz Garage est","Alishas est"
770.0542988,3,"Reinarz Garage est","Sol y Sombra est"
1171.890026,4,"Reinarz Garage est","Cooks"
1722.398633,5,"Reinarz Garage est","Hepp awning"
2363.342324,6,"Reinarz Garage est","James Ditch est"
4193.059406,7,"Reinarz Garage est","Cargill est"
4427.30226,8,"Reinarz Garage est","Ericas"
4522.361866,9,"Reinarz Garage est","CHR"
5000.971703,10,"Reinarz Garage est","Karens est"
5490.276151,11,"Reinarz Garage est","Mayas est"
6349.384905,12,"Reinarz Garage est","Jims Green Barn est"
7606.759414,13,"Reinarz Garage est","McCauley est"
8043.565207,14,"Reinarz Garage est","Make Believe"
8052.153601,15,"Reinarz Garage est","Make Believe Shed"
8476.832271,16,"Reinarz Garage est","Nixon est"
8527.683609,17,"Reinarz Garage est","Blue Cloud wash room"
8575.360221,18,"Reinarz Garage est","Blue Cloud pony shed"
8588.558352,19,"Reinarz Garage est","Blue Cloud Middle Shed"
8600.704332,20,"Reinarz Garage est","Blue Cloud main"
8611.566649,21,"Reinarz Garage est","Blue Cloud Gazebo"
8760.51884,22,"Reinarz Garage est","Starlight est"
8855.531142,23,"Reinarz Garage est","Jays est"
9163.555455,24,"Reinarz Garage est","Green Mill est"
9346.683199,25,"Reinarz Garage est","Struthers back shed"
9365.066606,26,"Reinarz Garage est","Struthers main"
9423.394954,27,"Reinarz Garage est","Struthers round"
10249.6337,28,"Reinarz Garage est","Speedwell est"
11130.50184,29,"Reinarz Garage est","Mary Anns est"
11160.42834,30,"Reinarz Garage est","Red Wagon porch est"
11326.12457,31,"Reinarz Garage est","Cathys est"
11350.21201,32,"Reinarz Garage est","Cathys trailer est"
11902.99117,33,"Reinarz Garage est","Boyer"
12476.1503,34,"Reinarz Garage est","Plumbumpy est"
12496.85,35,"Reinarz Garage est","Martes est"
12542.28083,36,"Reinarz Garage est","Quick est"
12897.74876,37,"Reinarz Garage est","Brown Barn est"
13181.28524,38,"Reinarz Garage est","Dome House est"
13323.34812,39,"Reinarz Garage est","Urban Farm Girlz Sheep Shed"
13354.63271,40,"Reinarz Garage est","Urban Farm Girlz Red Barn"
13408.40091,41,"Reinarz Garage est","Urban Farm Girls Chicken coop"
13486.7186,42,"Reinarz Garage est","Grizz est"
14879.58562,43,"Reinarz Garage est","Schaaps"
326.9553962,1,"Alishas est","Reinarz shed est"
364.6978877,2,"Alishas est","Reinarz Garage est"
967.9706037,3,"Alishas est","Sol y Sombra est"
1546.300542,4,"Alishas est","Cooks"
2094.980717,5,"Alishas est","Hepp awning"
2590.10483,6,"Alishas est","James Ditch est"
4567.298814,7,"Alishas est","Cargill est"
4732.346553,8,"Alishas est","Ericas"
4749.896042,9,"Alishas est","CHR"
5236.978782,10,"Alishas est","Karens est"
5711.217384,11,"Alishas est","Mayas est"
6551.586109,12,"Alishas est","Jims Green Barn est"
7831.897862,13,"Alishas est","McCauley est"
8065.260889,14,"Alishas est","Make Believe"
8072.75597,15,"Alishas est","Make Believe Shed"
8648.702718,16,"Alishas est","Nixon est"
8711.64143,17,"Alishas est","Blue Cloud wash room"
8762.240622,18,"Alishas est","Blue Cloud pony shed"
8774.645289,19,"Alishas est","Blue Cloud Middle Shed"
8789.331402,20,"Alishas est","Blue Cloud main"
8798.592743,21,"Alishas est","Blue Cloud Gazebo"
8982.063967,22,"Alishas est","Starlight est"
9006.032342,23,"Alishas est","Jays est"
9322.879116,24,"Alishas est","Green Mill est"
9496.978871,25,"Alishas est","Struthers back shed"
9514.577439,26,"Alishas est","Struthers main"
9573.097644,27,"Alishas est","Struthers round"
10377.88887,28,"Alishas est","Speedwell est"
11176.59539,29,"Alishas est","Mary Anns est"
11283.25543,30,"Alishas est","Red Wagon porch est"
11373.09327,31,"Alishas est","Cathys est"
11397.99391,32,"Alishas est","Cathys trailer est"
11988.04856,33,"Alishas est","Boyer"
12586.55457,34,"Alishas est","Martes est"
12599.41288,35,"Alishas est","Plumbumpy est"
12606.82428,36,"Alishas est","Quick est"
13106.53359,37,"Alishas est","Brown Barn est"
13280.28412,38,"Alishas est","Dome House est"
13425.92039,39,"Alishas est","Urban Farm Girlz Sheep Shed"
13456.40118,40,"Alishas est","Urban Farm Girlz Red Barn"
13511.0978,41,"Alishas est","Urban Farm Girls Chicken coop"
13758.38676,42,"Alishas est","Grizz est"
15085.54575,43,"Alishas est","Schaaps"
17.45443459,1,"Blue Cloud pony shed","Blue Cloud Middle Shed"
25.94862837,2,"Blue Cloud pony shed","Blue Cloud Gazebo"
41.49721875,3,"Blue Cloud pony shed","Blue Cloud main"
62.45916201,4,"Blue Cloud pony shed","Blue Cloud wash room"
400.0257544,5,"Blue Cloud pony shed","Nixon est"
934.5151659,6,"Blue Cloud pony shed","Green Mill est"
971.5671863,7,"Blue Cloud pony shed","Starlight est"
981.275939,8,"Blue Cloud pony shed","Jays est"
1231.120148,9,"Blue Cloud pony shed","Struthers back shed"
1264.680494,10,"Blue Cloud pony shed","Struthers main"
1301.390088,11,"Blue Cloud pony shed","Struthers round"
1367.15206,12,"Blue Cloud pony shed","McCauley est"
2230.536015,13,"Blue Cloud pony shed","Jims Green Barn est"
2312.29072,14,"Blue Cloud pony shed","Speedwell est"
3143.670975,15,"Blue Cloud pony shed","Mayas est"
3150.462511,16,"Blue Cloud pony shed","Red Wagon porch est"
3691.650043,17,"Blue Cloud pony shed","Karens est"
3876.36582,18,"Blue Cloud pony shed","Make Believe"
3916.023656,19,"Blue Cloud pony shed","Make Believe Shed"
4079.653017,20,"Blue Cloud pony shed","CHR"
4327.151894,21,"Blue Cloud pony shed","Plumbumpy est"
4383.206414,22,"Blue Cloud pony shed","Brown Barn est"
4420.238605,23,"Blue Cloud pony shed","Boyer"
4620.263101,24,"Blue Cloud pony shed","Mary Anns est"
4727.655764,25,"Blue Cloud pony shed","Cathys est"
4738.041051,26,"Blue Cloud pony shed","Cathys trailer est"
4843.689636,27,"Blue Cloud pony shed","Martes est"
4875.779509,28,"Blue Cloud pony shed","Ericas"
5308.64335,29,"Blue Cloud pony shed","Dome House est"
5321.587934,30,"Blue Cloud pony shed","Quick est"
5386.47096,31,"Blue Cloud pony shed","Urban Farm Girlz Sheep Shed"
5426.087032,32,"Blue Cloud pony shed","Urban Farm Girlz Red Barn"
5463.05525,33,"Blue Cloud pony shed","Urban Farm Girls Chicken coop"
5850.30509,34,"Blue Cloud pony shed","Grizz est"
6204.35359,35,"Blue Cloud pony shed","James Ditch est"
6339.512415,36,"Blue Cloud pony shed","Schaaps"
7512.398472,37,"Blue Cloud pony shed","Cargill est"
8109.679011,38,"Blue Cloud pony shed","Hepp awning"
8116.117913,39,"Blue Cloud pony shed","Cooks"
8575.360221,40,"Blue Cloud pony shed","Reinarz Garage est"
8610.420594,41,"Blue Cloud pony shed","Reinarz shed est"
8762.240622,42,"Blue Cloud pony shed","Alishas est"
9115.850369,43,"Blue Cloud pony shed","Sol y Sombra est"
1972.182076,1,"Schaaps","Brown Barn est"
3523.493332,2,"Schaaps","Grizz est"
4158.187452,3,"Schaaps","Plumbumpy est"
4558.264698,4,"Schaaps","Urban Farm Girls Chicken coop"
4582.444628,5,"Schaaps","Urban Farm Girlz Sheep Shed"
4602.822467,6,"Schaaps","Urban Farm Girlz Red Barn"
4748.689964,7,"Schaaps","Dome House est"
4940.641957,8,"Schaaps","Red Wagon porch est"
5245.804396,9,"Schaaps","Martes est"
5484.753839,10,"Schaaps","Speedwell est"
5585.679033,11,"Schaaps","Boyer"
5848.045362,12,"Schaaps","Struthers round"
5896.626973,13,"Schaaps","Struthers main"
5898.266902,14,"Schaaps","Struthers back shed"
5969.940824,15,"Schaaps","Green Mill est"
6060.95216,16,"Schaaps","Quick est"
6115.771802,17,"Schaaps","Starlight est"
6302.735018,18,"Schaaps","Blue Cloud main"
6309.110301,19,"Schaaps","Blue Cloud Gazebo"
6335.802989,20,"Schaaps","Blue Cloud Middle Shed"
6339.512415,21,"Schaaps","Blue Cloud pony shed"
6345.601529,22,"Schaaps","Jays est"
6384.006083,23,"Schaaps","Blue Cloud wash room"
6521.455433,24,"Schaaps","Nixon est"
6902.15976,25,"Schaaps","Cathys trailer est"
6915.132474,26,"Schaaps","Cathys est"
7017.188766,27,"Schaaps","Mary Anns est"
7275.84501,28,"Schaaps","McCauley est"
8515.620903,29,"Schaaps","Jims Green Barn est"
8944.936855,30,"Schaaps","Make Believe"
8980.360381,31,"Schaaps","Make Believe Shed"
9372.899471,32,"Schaaps","Mayas est"
9885.553335,33,"Schaaps","Karens est"
10327.46931,34,"Schaaps","CHR"
10819.84641,35,"Schaaps","Ericas"
12497.6993,36,"Schaaps","James Ditch est"
13092.84533,37,"Schaaps","Cargill est"
14226.85057,38,"Schaaps","Hepp awning"
14316.31219,39,"Schaaps","Cooks"
14879.58562,40,"Schaaps","Reinarz Garage est"
14915.48545,41,"Schaaps","Reinarz shed est"
15085.54575,42,"Schaaps","Alishas est"
15371.58816,43,"Schaaps","Sol y Sombra est"
44.5368353,1,"Urban Farm Girls Chicken coop","Urban Farm Girlz Red Barn"
76.39529083,2,"Urban Farm Girls Chicken coop","Urban Farm Girlz Sheep Shed"
253.1859538,3,"Urban Farm Girls Chicken coop","Dome House est"
1020.086822,4,"Urban Farm Girls Chicken coop","Martes est"
1172.46794,5,"Urban Farm Girls Chicken coop","Plumbumpy est"
1603.015432,6,"Urban Farm Girls Chicken coop","Quick est"
1616.582165,7,"Urban Farm Girls Chicken coop","Boyer"
2340.404453,8,"Urban Farm Girls Chicken coop","Red Wagon porch est"
2785.040855,9,"Urban Farm Girls Chicken coop","Cathys trailer est"
2803.055639,10,"Urban Farm Girls Chicken coop","Cathys est"
2972.721323,11,"Urban Farm Girls Chicken coop","Mary Anns est"
3254.597171,12,"Urban Farm Girls Chicken coop","Speedwell est"
4143.785256,13,"Urban Farm Girls Chicken coop","Brown Barn est"
4234.903226,14,"Urban Farm Girls Chicken coop","Struthers round"
4281.060109,15,"Urban Farm Girls Chicken coop","Struthers main"
4311.97557,16,"Urban Farm Girls Chicken coop","Struthers back shed"
4558.264698,17,"Urban Farm Girls Chicken coop","Schaaps"
4573.061333,18,"Urban Farm Girls Chicken coop","Green Mill est"
4761.456868,19,"Urban Farm Girls Chicken coop","Jays est"
5334.945742,20,"Urban Farm Girls Chicken coop","Nixon est"
5436.491521,21,"Urban Farm Girls Chicken coop","Blue Cloud Gazebo"
5442.881442,22,"Urban Farm Girls Chicken coop","Blue Cloud Middle Shed"
5452.566386,23,"Urban Farm Girls Chicken coop","Blue Cloud wash room"
5461.779428,24,"Urban Farm Girls Chicken coop","Blue Cloud main"
5463.05525,25,"Urban Farm Girls Chicken coop","Blue Cloud pony shed"
5844.069614,26,"Urban Farm Girls Chicken coop","Make Believe"
5868.100353,27,"Urban Farm Girls Chicken coop","Make Believe Shed"
5980.676768,28,"Urban Farm Girls Chicken coop","Starlight est"
6831.016726,29,"Urban Farm Girls Chicken coop","McCauley est"
7134.136497,30,"Urban Farm Girls Chicken coop","Grizz est"
7506.248187,31,"Urban Farm Girls Chicken coop","Jims Green Barn est"
8421.781153,32,"Urban Farm Girls Chicken coop","Mayas est"
8974.418072,33,"Urban Farm Girls Chicken coop","Karens est"
9268.325417,34,"Urban Farm Girls Chicken coop","CHR"
10274.18484,35,"Urban Farm Girls Chicken coop","Ericas"
11174.02121,36,"Urban Farm Girls Chicken coop","James Ditch est"
12963.12785,37,"Urban Farm Girls Chicken coop","Cargill est"
13196.78209,38,"Urban Farm Girls Chicken coop","Cooks"
13295.65439,39,"Urban Farm Girls Chicken coop","Hepp awning"
13408.40091,40,"Urban Farm Girls Chicken coop","Reinarz Garage est"
13439.24045,41,"Urban Farm Girls Chicken coop","Reinarz shed est"
13511.0978,42,"Urban Farm Girls Chicken coop","Alishas est"
14063.36546,43,"Urban Farm Girls Chicken coop","Sol y Sombra est"
552.1242579,1,"Hepp awning","Cooks"
1525.133721,2,"Hepp awning","Sol y Sombra est"
1722.398633,3,"Hepp awning","Reinarz Garage est"
1750.061847,4,"Hepp awning","Reinarz shed est"
2094.980717,5,"Hepp awning","Alishas est"
2232.858267,6,"Hepp awning","James Ditch est"
2469.498409,7,"Hepp awning","Cargill est"
3407.504897,8,"Hepp awning","Ericas"
4014.436176,9,"Hepp awning","CHR"
4403.559271,10,"Hepp awning","Karens est"
4950.847558,11,"Hepp awning","Mayas est"
5872.820528,12,"Hepp awning","Jims Green Barn est"
6954.70745,13,"Hepp awning","McCauley est"
8078.861616,14,"Hepp awning","Blue Cloud wash room"
8093.594802,15,"Hepp awning","Nixon est"
8099.818982,16,"Hepp awning","Starlight est"
8109.679011,17,"Hepp awning","Blue Cloud pony shed"
8125.005075,18,"Hepp awning","Blue Cloud main"
8126.824831,19,"Hepp awning","Blue Cloud Middle Shed"
8144.229471,20,"Hepp awning","Blue Cloud Gazebo"
8391.08136,21,"Hepp awning","Make Believe"
8407.452049,22,"Hepp awning","Make Believe Shed"
8574.417996,23,"Hepp awning","Jays est"
8829.932085,24,"Hepp awning","Green Mill est"
9055.746034,25,"Hepp awning","Struthers back shed"
9077.771685,26,"Hepp awning","Struthers main"
9133.874133,27,"Hepp awning","Struthers round"
10053.07104,28,"Hepp awning","Speedwell est"
10976.26469,29,"Hepp awning","Red Wagon porch est"
11313.23631,30,"Hepp awning","Mary Anns est"
11501.69892,31,"Hepp awning","Cathys est"
11522.14035,32,"Hepp awning","Cathys trailer est"
11893.15234,33,"Hepp awning","Boyer"
12246.76805,34,"Hepp awning","Brown Barn est"
12272.40375,35,"Hepp awning","Plumbumpy est"
12457.24158,36,"Hepp awning","Martes est"
12478.64552,37,"Hepp awning","Grizz est"
12621.89473,38,"Hepp awning","Quick est"
13088.93814,39,"Hepp awning","Dome House est"
13212.09047,40,"Hepp awning","Urban Farm Girlz Sheep Shed"
13246.9714,41,"Hepp awning","Urban Farm Girlz Red Barn"
13295.65439,42,"Hepp awning","Urban Farm Girls Chicken coop"
14226.85057,43,"Hepp awning","Schaaps"
1972.182076,1,"Brown Barn est","Schaaps"
2981.295087,2,"Brown Barn est","Grizz est"
3282.73295,3,"Brown Barn est","Plumbumpy est"
3570.957278,4,"Brown Barn est","Red Wagon porch est"
3873.11753,5,"Brown Barn est","Speedwell est"
4031.678336,6,"Brown Barn est","Struthers round"
4071.894262,7,"Brown Barn est","Struthers back shed"
4076.570861,8,"Brown Barn est","Struthers main"
4101.644147,9,"Brown Barn est","Green Mill est"
4129.296962,10,"Brown Barn est","Urban Farm Girlz Sheep Shed"
4131.498019,11,"Brown Barn est","Starlight est"
4143.785256,12,"Brown Barn est","Urban Farm Girls Chicken coop"
4163.427802,13,"Brown Barn est","Urban Farm Girlz Red Barn"
4231.506187,14,"Brown Barn est","Dome House est"
4344.341705,15,"Brown Barn est","Blue Cloud main"
4353.431046,16,"Brown Barn est","Blue Cloud Gazebo"
4381.206088,17,"Brown Barn est","Blue Cloud Middle Shed"
4383.206414,18,"Brown Barn est","Blue Cloud pony shed"
4431.574785,19,"Brown Barn est","Blue Cloud wash room"
4462.0487,20,"Brown Barn est","Martes est"
4485.817029,21,"Brown Barn est","Jays est"
4592.327479,22,"Brown Barn est","Nixon est"
4601.983252,23,"Brown Barn est","Boyer"
5291.347835,24,"Brown Barn est","McCauley est"
5310.886222,25,"Brown Barn est","Quick est"
5821.300602,26,"Brown Barn est","Cathys trailer est"
5829.700522,27,"Brown Barn est","Cathys est"
5885.082415,28,"Brown Barn est","Mary Anns est"
6537.003567,29,"Brown Barn est","Jims Green Barn est"
7297.341797,30,"Brown Barn est","Make Believe"
7334.731466,31,"Brown Barn est","Make Believe Shed"
7389.355703,32,"Brown Barn est","Mayas est"
7901.017708,33,"Brown Barn est","Karens est"
8343.879738,34,"Brown Barn est","CHR"
8846.103883,35,"Brown Barn est","Ericas"
10515.64457,36,"Brown Barn est","James Ditch est"
11166.80876,37,"Brown Barn est","Cargill est"
12246.76805,38,"Brown Barn est","Hepp awning"
12332.29554,39,"Brown Barn est","Cooks"
12897.74876,40,"Brown Barn est","Reinarz Garage est"
12933.73228,41,"Brown Barn est","Reinarz shed est"
13106.53359,42,"Brown Barn est","Alishas est"
13387.07109,43,"Brown Barn est","Sol y Sombra est"
2017.501613,1,"James Ditch est","Cooks"
2143.236081,2,"James Ditch est","CHR"
2232.858267,3,"James Ditch est","Hepp awning"
2325.806742,4,"James Ditch est","Ericas"
2363.342324,5,"James Ditch est","Reinarz Garage est"
2399.44702,6,"James Ditch est","Reinarz shed est"
2590.10483,7,"James Ditch est","Alishas est"
2629.104175,8,"James Ditch est","Karens est"
2902.671063,9,"James Ditch est","Sol y Sombra est"
3108.789025,10,"James Ditch est","Mayas est"
3483.516565,11,"James Ditch est","Cargill est"
3970.29266,12,"James Ditch est","Jims Green Barn est"
5227.320889,13,"James Ditch est","McCauley est"
6122.028693,14,"James Ditch est","Nixon est"
6138.261922,15,"James Ditch est","Make Believe"
6154.548927,16,"James Ditch est","Make Believe Shed"
6159.334805,17,"James Ditch est","Blue Cloud wash room"
6204.35359,18,"James Ditch est","Blue Cloud pony shed"
6218.216346,19,"James Ditch est","Blue Cloud Middle Shed"
6228.244095,20,"James Ditch est","Blue Cloud main"
6240.398436,21,"James Ditch est","Blue Cloud Gazebo"
6379.834033,22,"James Ditch est","Starlight est"
6532.860455,23,"James Ditch est","Jays est"
6824.990735,24,"James Ditch est","Green Mill est"
7022.663839,25,"James Ditch est","Struthers back shed"
7042.386822,26,"James Ditch est","Struthers main"
7100.18148,27,"James Ditch est","Struthers round"
7966.221331,28,"James Ditch est","Speedwell est"
8885.593633,29,"James Ditch est","Red Wagon porch est"
9083.968334,30,"James Ditch est","Mary Anns est"
9274.6531,31,"James Ditch est","Cathys est"
9295.555343,32,"James Ditch est","Cathys trailer est"
9722.906493,33,"James Ditch est","Boyer"
10196.20196,34,"James Ditch est","Plumbumpy est"
10300.5454,35,"James Ditch est","Martes est"
10421.81811,36,"James Ditch est","Quick est"
10515.64457,37,"James Ditch est","Brown Barn est"
10957.13915,38,"James Ditch est","Dome House est"
11089.55595,39,"James Ditch est","Urban Farm Girlz Sheep Shed"
11122.77787,40,"James Ditch est","Urban Farm Girlz Red Barn"
11171.98406,41,"James Ditch est","Grizz est"
11174.02121,42,"James Ditch est","Urban Farm Girls Chicken coop"
12497.6993,43,"James Ditch est","Schaaps"
918.9994827,1,"Red Wagon porch est","Speedwell est"
1312.013059,2,"Red Wagon porch est","Plumbumpy est"
1405.996859,3,"Red Wagon porch est","Boyer"
1711.081872,4,"Red Wagon porch est","Martes est"
1894.203232,5,"Red Wagon porch est","Struthers round"
1939.365424,6,"Red Wagon porch est","Struthers main"
1970.620251,7,"Red Wagon porch est","Struthers back shed"
2164.182449,8,"Red Wagon porch est","Dome House est"
2238.276421,9,"Red Wagon porch est","Green Mill est"
2259.514836,10,"Red Wagon porch est","Urban Farm Girlz Sheep Shed"
2297.37905,11,"Red Wagon porch est","Urban Farm Girlz Red Barn"
2328.401872,12,"Red Wagon porch est","Quick est"
2330.394311,13,"Red Wagon porch est","Cathys trailer est"
2334.117655,14,"Red Wagon porch est","Cathys est"
2340.404453,15,"Red Wagon porch est","Urban Farm Girls Chicken coop"
2353.635546,16,"Red Wagon porch est","Mary Anns est"
2418.784012,17,"Red Wagon porch est","Jays est"
2997.159322,18,"Red Wagon porch est","Nixon est"
3126.335105,19,"Red Wagon porch est","Blue Cloud Gazebo"
3129.47082,20,"Red Wagon porch est","Blue Cloud Middle Shed"
3132.210005,21,"Red Wagon porch est","Blue Cloud wash room"
3150.462511,22,"Red Wagon porch est","Blue Cloud pony shed"
3154.328285,23,"Red Wagon porch est","Blue Cloud main"
3570.957278,24,"Red Wagon porch est","Brown Barn est"
3773.594023,25,"Red Wagon porch est","Starlight est"
4083.407908,26,"Red Wagon porch est","Make Believe"
4115.922083,27,"Red Wagon porch est","Make Believe Shed"
4525.603868,28,"Red Wagon porch est","McCauley est"
4940.641957,29,"Red Wagon porch est","Schaaps"
5163.892382,30,"Red Wagon porch est","Jims Green Barn est"
6081.081063,31,"Red Wagon porch est","Mayas est"
6320.591664,32,"Red Wagon porch est","Grizz est"
6634.506817,33,"Red Wagon porch est","Karens est"
6937.504321,34,"Red Wagon porch est","CHR"
7931.336407,35,"Red Wagon porch est","Ericas"
8885.593633,36,"Red Wagon porch est","James Ditch est"
10625.23963,37,"Red Wagon porch est","Cargill est"
10895.89421,38,"Red Wagon porch est","Cooks"
10976.26469,39,"Red Wagon porch est","Hepp awning"
11160.42834,40,"Red Wagon porch est","Reinarz Garage est"
11192.38592,41,"Red Wagon porch est","Reinarz shed est"
11283.25543,42,"Red Wagon porch est","Alishas est"
11792.63431,43,"Red Wagon porch est","Sol y Sombra est"
310.2362909,1,"Nixon est","Blue Cloud wash room"
384.2112683,2,"Nixon est","Blue Cloud Middle Shed"
400.0257544,3,"Nixon est","Blue Cloud pony shed"
414.5516829,4,"Nixon est","Blue Cloud Gazebo"
451.2314297,5,"Nixon est","Blue Cloud main"
652.377305,6,"Nixon est","Jays est"
750.4600389,7,"Nixon est","Green Mill est"
1023.415992,8,"Nixon est","Struthers back shed"
1051.948626,9,"Nixon est","Struthers main"
1099.759049,10,"Nixon est","Struthers round"
1382.268199,11,"Nixon est","Starlight est"
1593.4246,12,"Nixon est","McCauley est"
2112.75944,13,"Nixon est","Speedwell est"
2209.125513,14,"Nixon est","Jims Green Barn est"
2997.159322,15,"Nixon est","Red Wagon porch est"
3134.903001,16,"Nixon est","Mayas est"
3470.02738,17,"Nixon est","Make Believe"
3509.626078,18,"Nixon est","Make Believe Shed"
3689.768224,19,"Nixon est","Karens est"
4043.444267,20,"Nixon est","CHR"
4199.10799,21,"Nixon est","Boyer"
4229.89867,22,"Nixon est","Plumbumpy est"
4298.424879,23,"Nixon est","Mary Anns est"
4415.49507,24,"Nixon est","Cathys est"
4427.06145,25,"Nixon est","Cathys trailer est"
4592.327479,26,"Nixon est","Brown Barn est"
4655.442327,27,"Nixon est","Martes est"
4940.235703,28,"Nixon est","Ericas"
5082.900453,29,"Nixon est","Quick est"
5164.517295,30,"Nixon est","Dome House est"
5255.661713,31,"Nixon est","Urban Farm Girlz Sheep Shed"
5294.245582,32,"Nixon est","Urban Farm Girlz Red Barn"
5334.945742,33,"Nixon est","Urban Farm Girls Chicken coop"
6122.028693,34,"Nixon est","James Ditch est"
6204.972217,35,"Nixon est","Grizz est"
6521.455433,36,"Nixon est","Schaaps"
7621.099319,37,"Nixon est","Cargill est"
8070.854802,38,"Nixon est","Cooks"
8093.594802,39,"Nixon est","Hepp awning"
8476.832271,40,"Nixon est","Reinarz Garage est"
8511.226588,41,"Nixon est","Reinarz shed est"
8648.702718,42,"Nixon est","Alishas est"
9042.990928,43,"Nixon est","Sol y Sombra est"
1354.321728,1,"Ericas","CHR"
1390.142869,2,"Ericas","Karens est"
1895.696309,3,"Ericas","Mayas est"
2325.806742,4,"Ericas","James Ditch est"
2729.140266,5,"Ericas","Cargill est"
2768.491443,6,"Ericas","Jims Green Barn est"
3407.504897,7,"Ericas","Hepp awning"
3587.486642,8,"Ericas","Cooks"
3609.451461,9,"Ericas","McCauley est"
4427.30226,10,"Ericas","Reinarz Garage est"
4464.840647,11,"Ericas","Reinarz shed est"
4717.320298,12,"Ericas","Sol y Sombra est"
4725.933757,13,"Ericas","Starlight est"
4732.346553,14,"Ericas","Alishas est"
4861.524344,15,"Ericas","Blue Cloud wash room"
4875.779509,16,"Ericas","Blue Cloud pony shed"
4881.656336,17,"Ericas","Blue Cloud main"
4895.888307,18,"Ericas","Blue Cloud Middle Shed"
4907.649984,19,"Ericas","Blue Cloud Gazebo"
4940.235703,20,"Ericas","Nixon est"
5509.537768,21,"Ericas","Jays est"
5697.405075,22,"Ericas","Green Mill est"
5959.217161,23,"Ericas","Struthers back shed"
5984.428043,24,"Ericas","Struthers main"
6035.930785,25,"Ericas","Struthers round"
6275.257607,26,"Ericas","Make Believe"
6303.818377,27,"Ericas","Make Believe Shed"
7022.996154,28,"Ericas","Speedwell est"
7931.336407,29,"Ericas","Red Wagon porch est"
8725.304623,30,"Ericas","Mary Anns est"
8846.103883,31,"Ericas","Brown Barn est"
8892.265055,32,"Ericas","Cathys est"
8909.822888,33,"Ericas","Cathys trailer est"
9023.210323,34,"Ericas","Boyer"
9088.972715,35,"Ericas","Grizz est"
9177.255137,36,"Ericas","Plumbumpy est"
9535.672506,37,"Ericas","Martes est"
9841.319297,38,"Ericas","Quick est"
10093.56871,39,"Ericas","Dome House est"
10193.59018,40,"Ericas","Urban Farm Girlz Sheep Shed"
10231.47892,41,"Ericas","Urban Farm Girlz Red Barn"
10274.18484,42,"Ericas","Urban Farm Girls Chicken coop"
10819.84641,43,"Ericas","Schaaps"
2469.498409,1,"Cargill est","Hepp awning"
2729.140266,2,"Cargill est","Ericas"
3008.036321,3,"Cargill est","Cooks"
3483.516565,4,"Cargill est","James Ditch est"
3989.256496,5,"Cargill est","Sol y Sombra est"
3994.085499,6,"Cargill est","CHR"
4131.537425,7,"Cargill est","Karens est"
4193.059406,8,"Cargill est","Reinarz Garage est"
4221.981552,9,"Cargill est","Reinarz shed est"
4567.298814,10,"Cargill est","Alishas est"
4642.979603,11,"Cargill est","Mayas est"
5499.982847,12,"Cargill est","Jims Green Barn est"
6173.497873,13,"Cargill est","McCauley est"
7203.921675,14,"Cargill est","Starlight est"
7509.74856,15,"Cargill est","Blue Cloud wash room"
7511.536869,16,"Cargill est","Blue Cloud main"
7512.398472,17,"Cargill est","Blue Cloud pony shed"
7534.498162,18,"Cargill est","Blue Cloud Middle Shed"
7541.928654,19,"Cargill est","Blue Cloud Gazebo"
7621.099319,20,"Cargill est","Nixon est"
8216.261825,21,"Cargill est","Jays est"
8377.740934,22,"Cargill est","Green Mill est"
8649.911476,23,"Cargill est","Struthers back shed"
8676.920696,24,"Cargill est","Struthers main"
8726.590802,25,"Cargill est","Struthers round"
8934.417156,26,"Cargill est","Make Believe"
8960.266356,27,"Cargill est","Make Believe Shed"
9727.873731,28,"Cargill est","Speedwell est"
10625.23963,29,"Cargill est","Red Wagon porch est"
10865.29492,30,"Cargill est","Grizz est"
11166.80876,31,"Cargill est","Brown Barn est"
11471.65385,32,"Cargill est","Mary Anns est"
11639.39045,33,"Cargill est","Cathys est"
11657.02298,34,"Cargill est","Cathys trailer est"
11754.28006,35,"Cargill est","Boyer"
11843.51027,36,"Cargill est","Plumbumpy est"
12255.53493,37,"Cargill est","Martes est"
12581.94369,38,"Cargill est","Quick est"
12792.2481,39,"Cargill est","Dome House est"
12884.12248,40,"Cargill est","Urban Farm Girlz Sheep Shed"
12922.78747,41,"Cargill est","Urban Farm Girlz Red Barn"
12963.12785,42,"Cargill est","Urban Farm Girls Chicken coop"
13092.84533,43,"Cargill est","Schaaps"
2981.295087,1,"Grizz est","Brown Barn est"
3523.493332,2,"Grizz est","Schaaps"
5119.532201,3,"Grizz est","Starlight est"
5800.507097,4,"Grizz est","Blue Cloud main"
5829.035347,5,"Grizz est","Blue Cloud Gazebo"
5850.30509,6,"Grizz est","Blue Cloud pony shed"
5861.833044,7,"Grizz est","Blue Cloud Middle Shed"
5921.003268,8,"Grizz est","Blue Cloud wash room"
6031.930317,9,"Grizz est","Green Mill est"
6123.930829,10,"Grizz est","Struthers round"
6124.898915,11,"Grizz est","McCauley est"
6133.008427,12,"Grizz est","Struthers back shed"
6153.837017,13,"Grizz est","Struthers main"
6204.972217,14,"Grizz est","Nixon est"
6252.384807,15,"Grizz est","Plumbumpy est"
6320.591664,16,"Grizz est","Red Wagon porch est"
6358.273376,17,"Grizz est","Speedwell est"
6396.907184,18,"Grizz est","Jays est"
7121.089275,19,"Grizz est","Urban Farm Girlz Sheep Shed"
7134.136497,20,"Grizz est","Urban Farm Girls Chicken coop"
7154.889076,21,"Grizz est","Urban Farm Girlz Red Barn"
7223.958438,22,"Grizz est","Dome House est"
7425.779049,23,"Grizz est","Martes est"
7502.035416,24,"Grizz est","Jims Green Barn est"
7507.429375,25,"Grizz est","Boyer"
8151.952872,26,"Grizz est","Mayas est"
8269.068721,27,"Grizz est","Quick est"
8552.232388,28,"Grizz est","Karens est"
8648.272258,29,"Grizz est","Cathys trailer est"
8653.598166,30,"Grizz est","Cathys est"
8680.242731,31,"Grizz est","Mary Anns est"
9043.332152,32,"Grizz est","CHR"
9088.972715,33,"Grizz est","Ericas"
9492.861087,34,"Grizz est","Make Believe"
9532.005891,35,"Grizz est","Make Believe Shed"
10865.29492,36,"Grizz est","Cargill est"
11171.98406,37,"Grizz est","James Ditch est"
12478.64552,38,"Grizz est","Hepp awning"
12698.415,39,"Grizz est","Cooks"
13486.7186,40,"Grizz est","Reinarz Garage est"
13524.21861,41,"Grizz est","Reinarz shed est"
13758.38676,42,"Grizz est","Alishas est"
13827.86742,43,"Grizz est","Sol y Sombra est"
1136.706631,1,"McCauley est","Starlight est"
1355.717281,2,"McCauley est","Jims Green Barn est"
1356.267398,3,"McCauley est","Blue Cloud main"
1367.15206,4,"McCauley est","Blue Cloud pony shed"
1383.613594,5,"McCauley est","Blue Cloud wash room"
1392.756566,6,"McCauley est","Blue Cloud Middle Shed"
1393.566216,7,"McCauley est","Blue Cloud Gazebo"
1593.4246,8,"McCauley est","Nixon est"
2098.640348,9,"McCauley est","Mayas est"
2254.426129,10,"McCauley est","Jays est"
2298.840161,11,"McCauley est","Green Mill est"
2592.037902,12,"McCauley est","Struthers back shed"
2592.894837,13,"McCauley est","Karens est"
2624.106317,14,"McCauley est","Struthers main"
2665.157382,15,"McCauley est","Struthers round"
3047.854589,16,"McCauley est","CHR"
3609.451461,17,"McCauley est","Ericas"
3681.811911,18,"McCauley est","Speedwell est"
4525.603868,19,"McCauley est","Red Wagon porch est"
4554.003987,20,"McCauley est","Make Believe"
4593.359968,21,"McCauley est","Make Believe Shed"
5227.320889,22,"McCauley est","James Ditch est"
5291.347835,23,"McCauley est","Brown Barn est"
5684.344971,24,"McCauley est","Plumbumpy est"
5785.507539,25,"McCauley est","Boyer"
5883.260673,26,"McCauley est","Mary Anns est"
6007.252054,27,"McCauley est","Cathys est"
6019.539077,28,"McCauley est","Cathys trailer est"
6124.898915,29,"McCauley est","Grizz est"
6173.497873,30,"McCauley est","Cargill est"
6218.074601,31,"McCauley est","Martes est"
6678.664738,32,"McCauley est","Quick est"
6681.052678,33,"McCauley est","Dome House est"
6755.369969,34,"McCauley est","Urban Farm Girlz Sheep Shed"
6795.257655,35,"McCauley est","Urban Farm Girlz Red Barn"
6831.016726,36,"McCauley est","Urban Farm Girls Chicken coop"
6954.70745,37,"McCauley est","Hepp awning"
7022.837808,38,"McCauley est","Cooks"
7275.84501,39,"McCauley est","Schaaps"
7606.759414,40,"McCauley est","Reinarz Garage est"
7643.20871,41,"McCauley est","Reinarz shed est"
7831.897862,42,"McCauley est","Alishas est"
8077.915163,43,"McCauley est","Sol y Sombra est"
768.9768268,1,"Sol y Sombra est","Reinarz shed est"
770.0542988,2,"Sol y Sombra est","Reinarz Garage est"
967.9706037,3,"Sol y Sombra est","Alishas est"
1132.213772,4,"Sol y Sombra est","Cooks"
1525.133721,5,"Sol y Sombra est","Hepp awning"
2902.671063,6,"Sol y Sombra est","James Ditch est"
3989.256496,7,"Sol y Sombra est","Cargill est"
4717.320298,8,"Sol y Sombra est","Ericas"
5012.824714,9,"Sol y Sombra est","CHR"
5468.059933,10,"Sol y Sombra est","Karens est"
5983.841304,11,"Sol y Sombra est","Mayas est"
6872.576969,12,"Sol y Sombra est","Jims Green Barn est"
8077.915163,13,"Sol y Sombra est","McCauley est"
8782.200062,14,"Sol y Sombra est","Make Believe"
8792.054605,15,"Sol y Sombra est","Make Believe Shed"
9042.990928,16,"Sol y Sombra est","Nixon est"
9073.411897,17,"Sol y Sombra est","Blue Cloud wash room"
9115.850369,18,"Sol y Sombra est","Blue Cloud pony shed"
9130.390141,19,"Sol y Sombra est","Blue Cloud Middle Shed"
9138.03965,20,"Sol y Sombra est","Blue Cloud main"
9151.680338,21,"Sol y Sombra est","Blue Cloud Gazebo"
9234.280888,22,"Sol y Sombra est","Starlight est"
9453.738509,23,"Sol y Sombra est","Jays est"
9747.610983,24,"Sol y Sombra est","Green Mill est"
9943.93692,25,"Sol y Sombra est","Struthers back shed"
9963.437346,26,"Sol y Sombra est","Struthers main"
10021.34186,27,"Sol y Sombra est","Struthers round"
10876.12541,28,"Sol y Sombra est","Speedwell est"
11792.63431,29,"Sol y Sombra est","Red Wagon porch est"
11846.77056,30,"Sol y Sombra est","Mary Anns est"
12041.43977,31,"Sol y Sombra est","Cathys est"
12064.78064,32,"Sol y Sombra est","Cathys trailer est"
12579.88142,33,"Sol y Sombra est","Boyer"
13105.97898,34,"Sol y Sombra est","Plumbumpy est"
13167.93431,35,"Sol y Sombra est","Martes est"
13240.01203,36,"Sol y Sombra est","Quick est"
13387.07109,37,"Sol y Sombra est","Brown Barn est"
13827.86742,38,"Sol y Sombra est","Grizz est"
13840.90913,39,"Sol y Sombra est","Dome House est"
13978.54564,40,"Sol y Sombra est","Urban Farm Girlz Sheep Shed"
14010.77174,41,"Sol y Sombra est","Urban Farm Girlz Red Barn"
14063.36546,42,"Sol y Sombra est","Urban Farm Girls Chicken coop"
15371.58816,43,"Sol y Sombra est","Schaaps"
910.7682269,1,"Jims Green Barn est","Mayas est"
1355.717281,2,"Jims Green Barn est","McCauley est"
1466.050435,3,"Jims Green Barn est","Karens est"
1832.254586,4,"Jims Green Barn est","CHR"
2194.076336,5,"Jims Green Barn est","Blue Cloud wash room"
2209.125513,6,"Jims Green Barn est","Nixon est"
2230.536015,7,"Jims Green Barn est","Blue Cloud pony shed"
2246.265623,8,"Jims Green Barn est","Blue Cloud Middle Shed"
2250.304983,9,"Jims Green Barn est","Blue Cloud main"
2265.922974,10,"Jims Green Barn est","Blue Cloud Gazebo"
2448.532105,11,"Jims Green Barn est","Starlight est"
2738.313069,12,"Jims Green Barn est","Jays est"
2768.491443,13,"Jims Green Barn est","Ericas"
2956.06427,14,"Jims Green Barn est","Green Mill est"
3201.380908,15,"Jims Green Barn est","Struthers back shed"
3225.333042,16,"Jims Green Barn est","Struthers main"
3278.975933,17,"Jims Green Barn est","Struthers round"
3967.210281,18,"Jims Green Barn est","Make Believe"
3970.29266,19,"Jims Green Barn est","James Ditch est"
4002.975228,20,"Jims Green Barn est","Make Believe Shed"
4249.399403,21,"Jims Green Barn est","Speedwell est"
5163.892382,22,"Jims Green Barn est","Red Wagon porch est"
5499.982847,23,"Jims Green Barn est","Cargill est"
5868.726624,24,"Jims Green Barn est","Cooks"
5872.820528,25,"Jims Green Barn est","Hepp awning"
6010.964925,26,"Jims Green Barn est","Mary Anns est"
6168.015566,27,"Jims Green Barn est","Cathys est"
6184.363378,28,"Jims Green Barn est","Cathys trailer est"
6240.922754,29,"Jims Green Barn est","Boyer"
6349.384905,30,"Jims Green Barn est","Reinarz Garage est"
6384.987891,31,"Jims Green Barn est","Reinarz shed est"
6429.690483,32,"Jims Green Barn est","Plumbumpy est"
6537.003567,33,"Jims Green Barn est","Brown Barn est"
6551.586109,34,"Jims Green Barn est","Alishas est"
6752.95873,35,"Jims Green Barn est","Martes est"
6872.576969,36,"Jims Green Barn est","Sol y Sombra est"
7067.071934,37,"Jims Green Barn est","Quick est"
7319.778778,38,"Jims Green Barn est","Dome House est"
7424.919949,39,"Jims Green Barn est","Urban Farm Girlz Sheep Shed"
7462.259695,40,"Jims Green Barn est","Urban Farm Girlz Red Barn"
7502.035416,41,"Jims Green Barn est","Grizz est"
7506.248187,42,"Jims Green Barn est","Urban Farm Girls Chicken coop"
8515.620903,43,"Jims Green Barn est","Schaaps"
12.45093083,1,"Cathys trailer est","Cathys est"
213.978866,2,"Cathys trailer est","Mary Anns est"
1307.384268,3,"Cathys trailer est","Boyer"
1310.192447,4,"Cathys trailer est","Quick est"
1788.460347,5,"Cathys trailer est","Martes est"
2330.394311,6,"Cathys trailer est","Red Wagon porch est"
2520.42203,7,"Cathys trailer est","Dome House est"
2618.16454,8,"Cathys trailer est","Speedwell est"
2715.210023,9,"Cathys trailer est","Urban Farm Girlz Sheep Shed"
2720.939974,10,"Cathys trailer est","Urban Farm Girlz Red Barn"
2732.032048,11,"Cathys trailer est","Plumbumpy est"
2785.040855,12,"Cathys trailer est","Urban Farm Girls Chicken coop"
3365.623023,13,"Cathys trailer est","Make Believe"
3379.875891,14,"Cathys trailer est","Make Believe Shed"
3480.985722,15,"Cathys trailer est","Struthers round"
3496.957687,16,"Cathys trailer est","Struthers main"
3528.27161,17,"Cathys trailer est","Struthers back shed"
3764.138137,18,"Cathys trailer est","Jays est"
3820.116967,19,"Cathys trailer est","Green Mill est"
4427.06145,20,"Cathys trailer est","Nixon est"
4681.781374,21,"Cathys trailer est","Blue Cloud wash room"
4715.612373,22,"Cathys trailer est","Blue Cloud Middle Shed"
4728.115403,23,"Cathys trailer est","Blue Cloud Gazebo"
4738.041051,24,"Cathys trailer est","Blue Cloud pony shed"
4764.859268,25,"Cathys trailer est","Blue Cloud main"
5599.583094,26,"Cathys trailer est","Starlight est"
5821.300602,27,"Cathys trailer est","Brown Barn est"
6019.539077,28,"Cathys trailer est","McCauley est"
6184.363378,29,"Cathys trailer est","Jims Green Barn est"
6902.15976,30,"Cathys trailer est","Schaaps"
7001.880333,31,"Cathys trailer est","Mayas est"
7513.467945,32,"Cathys trailer est","Karens est"
7688.002053,33,"Cathys trailer est","CHR"
8648.272258,34,"Cathys trailer est","Grizz est"
8909.822888,35,"Cathys trailer est","Ericas"
9295.555343,36,"Cathys trailer est","James Ditch est"
11328.65514,37,"Cathys trailer est","Cooks"
11350.21201,38,"Cathys trailer est","Reinarz Garage est"
11377.42479,39,"Cathys trailer est","Reinarz shed est"
11397.99391,40,"Cathys trailer est","Alishas est"
11522.14035,41,"Cathys trailer est","Hepp awning"
11657.02298,42,"Cathys trailer est","Cargill est"
12064.78064,43,"Cathys trailer est","Sol y Sombra est"
