"Ind2","genetic_fam","Band_ind2","Site_ind2","Type_ind2","FamilyID_ind2","Nest_ind2","Brood_ind2","clutch_id_ind2","k0_hat_dad","k1_hat_dad","k2_hat_dad","pi_HAT_dad","nbSNP_dad","Band_dad","Site_dad","Type_dad","FamilyID_dad","k0_hat_mom","k1_hat_mom","k2_hat_mom","pi_HAT_mom","nbSNP_mom","Band_mom","Site_mom","Type_mom","FamilyID_mom","site_cat"
"CO_82960","2850-57599_2811-38691","2811-82960","Cathys","kid","Cathys-02",2,"1","Cathys_2_1",0.244,0.655,0.1,0.428,63616,"2850-57599","Cathys","dad","Cathys-02",0.13,0.812,0.058,0.464,71234,"2811-38691","Cathys","mom","Cathys-02","small"
"CO_82961","2850-57599_2811-38691","2811-82961","Cathys","kid","Cathys-02",2,"1","Cathys_2_1",0.274,0.61,0.116,0.421,60447,"2850-57599","Cathys","dad","Cathys-02",0.12,0.822,0.059,0.47,67611,"2811-38691","Cathys","mom","Cathys-02","small"
"CO_82962","2850-57599_2811-38691","2811-82962","Cathys","kid","Cathys-02",2,"1","Cathys_2_1",0.257,0.623,0.12,0.432,54644,"2850-57599","Cathys","dad","Cathys-02",0.148,0.789,0.063,0.458,61099,"2811-38691","Cathys","mom","Cathys-02","small"
"CO_83006","2850-57554_2850-57905","2811-83006","Schaaps","kid","Schaaps-24",28,"2","Schaaps_28_2",0.146,0.783,0.071,0.462,65600,"2850-57554","Schaaps","dad","Schaaps-24",0.186,0.728,0.086,0.45,61671,"2850-57905","Schaaps","mom","Schaaps-24","medium"
"CO_83028","2850-57554_2850-57559","2811-83028","Schaaps","kid","Schaaps-98",36,"1","Schaaps_36_1",0.14,0.8,0.06,0.46,63037,"2850-57554","Schaaps","dad","Schaaps-24",0.183,0.756,0.061,0.439,64535,"2850-57559","Schaaps","mom","Schaaps-98","medium"
"CO_83026","2850-57554_2850-57559","2811-83026","Schaaps","kid","Schaaps-98",36,"1","Schaaps_36_1",0.158,0.77,0.072,0.457,61491,"2850-57554","Schaaps","dad","Schaaps-24",0.188,0.74,0.073,0.442,62970,"2850-57559","Schaaps","mom","Schaaps-98","medium"
"CO_83027","2850-57554_2850-57559","2811-83027","Schaaps","kid","Schaaps-98",36,"1","Schaaps_36_1",0.19,0.725,0.085,0.448,60709,"2850-57554","Schaaps","dad","Schaaps-24",0.185,0.737,0.078,0.447,62210,"2850-57559","Schaaps","mom","Schaaps-98","medium"
"CO_83010","2850-57563_2850-57561","2811-83010","Schaaps","kid","Schaaps-74",14,"2","Schaaps_14_2",0.145,0.821,0.034,0.445,77036,"2850-57563","Schaaps","dad","Schaaps-74",0.186,0.767,0.047,0.43,65116,"2850-57561","Schaaps","mom","Schaaps-74","medium"
"CO_83009","2850-57563_2850-57561","2811-83009","Schaaps","kid","Schaaps-74",14,"2","Schaaps_14_2",0.137,0.834,0.029,0.446,77727,"2850-57563","Schaaps","dad","Schaaps-74",0.174,0.753,0.072,0.449,65712,"2850-57561","Schaaps","mom","Schaaps-74","medium"
"CO_83011","2850-57563_2850-57561","2811-83011","Schaaps","kid","Schaaps-74",14,"2","Schaaps_14_2",0.119,0.858,0.023,0.452,86634,"2850-57563","Schaaps","dad","Schaaps-74",0.124,0.838,0.038,0.457,73203,"2850-57561","Schaaps","mom","Schaaps-74","medium"
"CO_83012","2850-57563_2850-57561","2811-83012","Schaaps","kid","Schaaps-74",14,"2","Schaaps_14_2",0.142,0.828,0.031,0.444,79489,"2850-57563","Schaaps","dad","Schaaps-74",0.181,0.753,0.066,0.443,67206,"2850-57561","Schaaps","mom","Schaaps-74","medium"
"CO_83008","2850-57563_2850-57561","2811-83008","Schaaps","kid","Schaaps-74",14,"2","Schaaps_14_2",0.17,0.764,0.066,0.448,71077,"2850-57563","Schaaps","dad","Schaaps-74",0.167,0.774,0.06,0.447,60165,"2850-57561","Schaaps","mom","Schaaps-74","medium"
"CO_82997","2850-57562_2850-57904","2811-82997","Schaaps","kid","Schaaps-67",114,"2","Schaaps_114_2",0.15,0.791,0.059,0.454,59078,"2850-57562","Schaaps","dad","Schaaps-67",0.164,0.776,0.06,0.448,54922,"2850-57904","Schaaps","mom","Schaaps-67","medium"
"CO_83000","2850-57562_2850-57904","2811-83000","Schaaps","kid","Schaaps-67",114,"2","Schaaps_114_2",0.127,0.825,0.048,0.461,64415,"2850-57562","Schaaps","dad","Schaaps-67",0.154,0.783,0.063,0.455,59703,"2850-57904","Schaaps","mom","Schaaps-67","medium"
"CO_83204","2850-57562_2850-57904","2811-83204","Schaaps","kid","Schaaps-67",67,"1","Schaaps_67_1",0.166,0.768,0.066,0.45,61758,"2850-57562","Schaaps","dad","Schaaps-67",0.152,0.789,0.059,0.453,57391,"2850-57904","Schaaps","mom","Schaaps-67","medium"
"CO_83203","2850-57562_2850-57904","2811-83203","Schaaps","kid","Schaaps-67",67,"1","Schaaps_67_1",0.159,0.795,0.046,0.443,65424,"2850-57562","Schaaps","dad","Schaaps-67",0.155,0.785,0.06,0.452,60712,"2850-57904","Schaaps","mom","Schaaps-67","medium"
"CO_83202","2850-57562_2850-57904","2811-83202","Schaaps","kid","Schaaps-67",67,"1","Schaaps_67_1",0.168,0.764,0.067,0.449,57122,"2850-57562","Schaaps","dad","Schaaps-67",0.228,0.675,0.097,0.435,52944,"2850-57904","Schaaps","mom","Schaaps-67","medium"
"CO_83201","2850-57562_2850-57904","2811-83201","Schaaps","kid","Schaaps-67",67,"1","Schaaps_67_1",0.207,0.682,0.111,0.452,52151,"2850-57562","Schaaps","dad","Schaaps-67",0.24,0.642,0.118,0.439,48555,"2850-57904","Schaaps","mom","Schaaps-67","medium"
"CO_83220","2850-57701_2850-57604","2811-83220","Schaaps","kid","Schaaps-110",64,"2","Schaaps_64_2",0.303,0.581,0.116,0.407,53416,"2850-57701","Schaaps","dad","Schaaps-110",0.198,0.719,0.083,0.442,58529,"2850-57604","Schaaps","mom","Schaaps-110","medium"
"CO_83219","2850-57701_2850-57604","2811-83219","Schaaps","kid","Schaaps-110",64,"2","Schaaps_64_2",0.284,0.611,0.105,0.411,58863,"2850-57701","Schaaps","dad","Schaaps-110",0.189,0.733,0.077,0.444,64682,"2850-57604","Schaaps","mom","Schaaps-110","medium"
"CO_83221","2850-57701_2850-57604","2811-83221","Schaaps","kid","Schaaps-110",64,"2","Schaaps_64_2",0.273,0.648,0.079,0.403,56575,"2850-57701","Schaaps","dad","Schaaps-110",0.188,0.739,0.073,0.443,62103,"2850-57604","Schaaps","mom","Schaaps-110","medium"
"CO_83218","2850-57701_2850-57604","2811-83218","Schaaps","kid","Schaaps-110",64,"2","Schaaps_64_2",0.316,0.526,0.157,0.42,51236,"2850-57701","Schaaps","dad","Schaaps-110",0.216,0.704,0.08,0.432,56189,"2850-57604","Schaaps","mom","Schaaps-110","medium"
"CO_82991","2850-57565_2850-57613","2811-82991","Blue Cloud","kid","BlueCloud-19",24,"2","Blue Cloud_24_2",0.21,0.726,0.064,0.427,66222,"2850-57565","Blue Cloud","dad","BlueCloud-19",0.161,0.777,0.062,0.451,69664,"2850-57613","Blue Cloud","mom","BlueCloud-19","medium"
"CO_82993","2850-57565_2850-57613","2811-82993","Blue Cloud","kid","BlueCloud-19",24,"2","Blue Cloud_24_2",0.201,0.727,0.072,0.435,62685,"2850-57565","Blue Cloud","dad","BlueCloud-19",0.158,0.787,0.055,0.449,65950,"2850-57613","Blue Cloud","mom","BlueCloud-19","medium"
"CO_82992","2850-57565_2850-57613","2811-82992","Blue Cloud","kid","BlueCloud-19",24,"2","Blue Cloud_24_2",0.224,0.675,0.1,0.438,62430,"2850-57565","Blue Cloud","dad","BlueCloud-19",0.161,0.77,0.069,0.454,65608,"2850-57613","Blue Cloud","mom","BlueCloud-19","medium"
"CO_82994","2850-57565_2850-57613","2811-82994","Blue Cloud","kid","BlueCloud-19",24,"2","Blue Cloud_24_2",0.2,0.732,0.068,0.434,64363,"2850-57565","Blue Cloud","dad","BlueCloud-19",0.158,0.786,0.056,0.449,67674,"2850-57613","Blue Cloud","mom","BlueCloud-19","medium"
"CO_83049","2510-63488_2850-57635","2811-83049","Make Believe","kid","MakeBelieve-17",37,"2","Make Believe_37_2",0.163,0.809,0.028,0.433,73844,"2510-63488","Make Believe","dad","MakeBelieve-17",0.115,0.86,0.025,0.455,69032,"2850-57635","Make Believe","mom","MakeBelieve-17","medium"
"CO_83048","2510-63488_2850-57635","2811-83048","Make Believe","kid","MakeBelieve-17",37,"2","Make Believe_37_2",0.239,0.66,0.101,0.431,61638,"2510-63488","Make Believe","dad","MakeBelieve-17",0.166,0.777,0.057,0.446,57690,"2850-57635","Make Believe","mom","MakeBelieve-17","medium"
"CO_83050","2850-57836_2850-57635","2811-83050","Make Believe","kid","MakeBelieve-17",37,"2","Make Believe_37_2",0.249,0.672,0.078,0.415,66625,"2850-57836","Make Believe","dad","MakeBelieve-26",0.179,0.754,0.067,0.444,62000,"2850-57635","Make Believe","mom","MakeBelieve-17","medium"
"CO_83047","2850-57518_2850-57635","2811-83047","Make Believe","kid","MakeBelieve-17",37,"2","Make Believe_37_2",0.206,0.741,0.054,0.424,54056,"2850-57518","Make Believe","dad","MakeBelieve-69",0.189,0.721,0.09,0.451,54042,"2850-57635","Make Believe","mom","MakeBelieve-17","medium"
"CO_83024","2850-57602_2850-57854","2811-83024","Cooks","kid","Cooks-18",1,"2","Cooks_1_2",0.224,0.711,0.065,0.421,68485,"2850-57602","Cooks","dad","Cooks-18",0.158,0.785,0.057,0.45,58413,"2850-57854","Cooks","mom","Cooks-18","medium"
"CO_83023","2850-57602_2850-57854","2811-83023","Cooks","kid","Cooks-18",1,"2","Cooks_1_2",0.238,0.67,0.091,0.427,60059,"2850-57602","Cooks","dad","Cooks-18",0.192,0.739,0.069,0.439,51227,"2850-57854","Cooks","mom","Cooks-18","medium"
"CO_83025","2850-57602_2850-57854","2811-83025","Cooks","kid","Cooks-18",1,"2","Cooks_1_2",0.218,0.702,0.08,0.431,66386,"2850-57602","Cooks","dad","Cooks-18",0.195,0.703,0.102,0.453,56598,"2850-57854","Cooks","mom","Cooks-18","medium"
"CO_82996","2850-57701_2850-57904","2811-82996","Schaaps","kid","Schaaps-67",114,"2","Schaaps_114_2",0.271,0.652,0.077,0.403,54901,"2850-57701","Schaaps","dad","Schaaps-110",0.159,0.795,0.047,0.444,54919,"2850-57904","Schaaps","mom","Schaaps-67","medium"
"CO_82998","2850-57701_2850-57904","2811-82998","Schaaps","kid","Schaaps-67",114,"2","Schaaps_114_2",0.255,0.658,0.087,0.416,56890,"2850-57701","Schaaps","dad","Schaaps-110",0.183,0.736,0.08,0.449,56792,"2850-57904","Schaaps","mom","Schaaps-67","medium"
"CO_82999","2850-57701_2850-57904","2811-82999","Schaaps","kid","Schaaps-67",114,"2","Schaaps_114_2",0.265,0.647,0.088,0.412,55577,"2850-57701","Schaaps","dad","Schaaps-110",0.199,0.73,0.07,0.436,55439,"2850-57904","Schaaps","mom","Schaaps-67","medium"
"CO_82988","2811-06912_2850-57603","2811-82988","Schaaps","kid","Schaaps-54",33,"1","Schaaps_33_2",0.294,0.587,0.119,0.412,57290,"2811-06912","Schaaps","dad","Schaaps-54",0.285,0.591,0.123,0.419,56076,"2850-57603","Schaaps","mom","Schaaps-54","medium"
"CO_82990","2811-06912_2850-57603","2811-82990","Schaaps","kid","Schaaps-54",33,"1","Schaaps_33_2",0.26,0.619,0.121,0.43,62959,"2811-06912","Schaaps","dad","Schaaps-54",0.296,0.584,0.12,0.412,61549,"2850-57603","Schaaps","mom","Schaaps-54","medium"
"CO_82970","2850-57505_2640-97370","2811-82970","Cooks","kid","Cooks-23",22,"1","Cooks_22_1",0.326,0.568,0.106,0.39,57952,"2850-57505","Cooks","dad","Cooks-23",0.338,0.536,0.126,0.394,59750,"2640-97370","Cooks","mom","Cooks-23","medium"
"CO_83018","2850-57505_2640-97370","2811-83018","Cooks","kid","Cooks-23",32,"2","Cooks_32_2",0.33,0.552,0.118,0.394,54527,"2850-57505","Cooks","dad","Cooks-23",0.334,0.542,0.124,0.395,56212,"2640-97370","Cooks","mom","Cooks-23","medium"
"CO_83020","2850-57505_2640-97370","2811-83020","Cooks","kid","Cooks-23",32,"2","Cooks_32_2",0.387,0.457,0.156,0.385,50823,"2850-57505","Cooks","dad","Cooks-23",0.361,0.481,0.159,0.399,52421,"2640-97370","Cooks","mom","Cooks-23","medium"
"CO_82977","2850-57505_2850-57558","2811-82977","Hepp (near Cook)","kid","Cooks-31",1,"1","Hepp (near Cook)_1_1",0.304,0.577,0.119,0.408,59602,"2850-57505","Cooks","dad","Cooks-23",0.362,0.489,0.149,0.394,57836,"2850-57558","Cooks","mom","Cooks-31","solitary"
"CO_83022","2850-57505_2640-97370","2811-83022","Cooks","kid","Cooks-23",32,"2","Cooks_32_2",0.336,0.532,0.132,0.398,55870,"2850-57505","Cooks","dad","Cooks-23",0.34,0.535,0.125,0.393,57619,"2640-97370","Cooks","mom","Cooks-23","medium"
"CO_83019","2850-57505_2640-97370","2811-83019","Cooks","kid","Cooks-23",32,"2","Cooks_32_2",0.348,0.509,0.143,0.397,55065,"2850-57505","Cooks","dad","Cooks-23",0.357,0.518,0.125,0.384,56810,"2640-97370","Cooks","mom","Cooks-23","medium"
"CO_E17","2850-57505_2640-97370","E17","Cooks","egg","Cooks-23",23,"collected","Cooks-23_collected",0.33,0.553,0.118,0.394,58761,"2850-57505","Cooks","dad","Cooks-23",0.325,0.571,0.104,0.389,60592,"2640-97370","Cooks","mom","Cooks-23","medium"
"CO_E16","2850-57505_2640-97370","E16","Cooks","egg","Cooks-23",23,"collected","Cooks-23_collected",0.265,0.654,0.082,0.408,70721,"2850-57505","Cooks","dad","Cooks-23",0.296,0.621,0.083,0.394,72957,"2640-97370","Cooks","mom","Cooks-23","medium"
"CO_E19","2850-57505_2640-97370","E19","Cooks","egg","Cooks-23",23,"collected","Cooks-23_collected",0.291,0.617,0.092,0.401,65211,"2850-57505","Cooks","dad","Cooks-23",0.288,0.628,0.084,0.398,67297,"2640-97370","Cooks","mom","Cooks-23","medium"
"CO_E15","2850-57505_2640-97370","E15","Cooks","egg","Cooks-23",23,"collected","Cooks-23_collected",0.298,0.605,0.096,0.399,61246,"2850-57505","Cooks","dad","Cooks-23",0.315,0.58,0.105,0.395,63172,"2640-97370","Cooks","mom","Cooks-23","medium"
"CO_E18","2850-57505_2640-97370","E18","Cooks","egg","Cooks-23",23,"collected","Cooks-23_collected",0.268,0.635,0.097,0.415,67581,"2850-57505","Cooks","dad","Cooks-23",0.257,0.678,0.066,0.405,69776,"2640-97370","Cooks","mom","Cooks-23","medium"
"CO_E55","2850-57505_2850-57853","E55","Cooks","egg","Cooks-27",27,"collected","Cooks-27_collected",0.297,0.596,0.106,0.404,63082,"2850-57505","Cooks","dad","Cooks-23",0.296,0.58,0.124,0.414,53179,"2850-57853","Cooks","mom","Cooks-27","medium"
"CO_83045","2850-57538_2850-57556","2811-83045","Schaaps","kid","Schaaps-80",80,"2","Schaaps_80_2",0.31,0.578,0.113,0.401,51525,"2850-57538","Schaaps","dad","Schaaps-80",0.27,0.627,0.104,0.417,60772,"2850-57556","Schaaps","mom","Schaaps-80","medium"
"CO_82986","2850-57549_2850-57550","2811-82986","Cathys","kid","Cathys-03",1,"1","Mary Anns_1_2",0.316,0.544,0.14,0.412,53598,"2850-57549","Cathys","dad","Cathys-03",0.357,0.469,0.174,0.409,51613,"2850-57550","Cathys","mom","Cathys-03","small"
"CO_82987","2850-57549_2850-57550","2811-82987","Cathys","kid","Cathys-03",1,"1","Mary Anns_1_2",0.314,0.536,0.149,0.418,53331,"2850-57549","Cathys","dad","Cathys-03",0.383,0.442,0.175,0.396,51218,"2850-57550","Cathys","mom","Cathys-03","small"
"CO_82985","2850-57549_2850-57550","2811-82985","Cathys","kid","Cathys-03",1,"1","Mary Anns_1_2",0.327,0.531,0.142,0.408,56658,"2850-57549","Cathys","dad","Cathys-03",0.333,0.517,0.15,0.409,54541,"2850-57550","Cathys","mom","Cathys-03","small"
"CO_82984","2850-57549_2850-57550","2811-82984","Cathys","kid","Cathys-03",1,"1","Mary Anns_1_2",0.335,0.519,0.146,0.406,49975,"2850-57549","Cathys","dad","Cathys-03",0.367,0.445,0.187,0.41,47963,"2850-57550","Cathys","mom","Cathys-03","small"
"CO_E34","2850-57549_2850-57550","E34","Cathys","egg","Cathys-03",3,"collected","Cathys-03_collected",0.325,0.52,0.155,0.415,60237,"2850-57549","Cathys","dad","Cathys-03",0.296,0.581,0.124,0.414,57704,"2850-57550","Cathys","mom","Cathys-03","small"
"CO_E37","2850-57549_2850-57550","E37","Cathys","egg","Cathys-03",3,"collected","Cathys-03_collected",0.263,0.624,0.113,0.425,57249,"2850-57549","Cathys","dad","Cathys-03",0.29,0.583,0.127,0.418,55302,"2850-57550","Cathys","mom","Cathys-03","small"
"CO_E35","2850-57549_2850-57550","E35","Cathys","egg","Cathys-03",3,"collected","Cathys-03_collected",0.273,0.614,0.113,0.42,60132,"2850-57549","Cathys","dad","Cathys-03",0.295,0.564,0.141,0.423,58058,"2850-57550","Cathys","mom","Cathys-03","small"
"CO_E36","2850-57549_2850-57550","E36","Cathys","egg","Cathys-03",3,"collected","Cathys-03_collected",0.306,0.548,0.146,0.42,51979,"2850-57549","Cathys","dad","Cathys-03",0.379,0.424,0.197,0.409,49500,"2850-57550","Cathys","mom","Cathys-03","small"
"CO_82974","2850-57607_2850-57553","2811-82974","Schaaps","kid","Schaaps-108",32,"1","Schaaps_32_1",0.311,0.573,0.116,0.402,56084,"2850-57607","Schaaps","dad","Schaaps-108",0.399,0.419,0.182,0.392,51004,"2850-57553","Schaaps","mom","Schaaps-108","medium"
"CO_82976","2850-57701_2850-57553","2811-82976","Schaaps","kid","Schaaps-108",32,"1","Schaaps_32_1",0.434,0.361,0.205,0.385,47763,"2850-57701","Schaaps","dad","Schaaps-110",0.419,0.397,0.184,0.382,50612,"2850-57553","Schaaps","mom","Schaaps-108","medium"
"CO_83029","2850-57607_2850-57553","2811-83029","Schaaps","kid","Schaaps-108",97,"2","Schaaps_97_2",0.354,0.509,0.137,0.391,59540,"2850-57607","Schaaps","dad","Schaaps-108",0.358,0.503,0.139,0.39,53944,"2850-57553","Schaaps","mom","Schaaps-108","medium"
"CO_82975","2850-57607_2850-57553","2811-82975","Schaaps","kid","Schaaps-108",32,"1","Schaaps_32_1",0.322,0.578,0.1,0.389,60233,"2850-57607","Schaaps","dad","Schaaps-108",0.407,0.417,0.176,0.384,54801,"2850-57553","Schaaps","mom","Schaaps-108","medium"
"CO_83032","2850-57607_2850-57553","2811-83032","Schaaps","kid","Schaaps-108",97,"2","Schaaps_97_2",0.337,0.551,0.112,0.387,61033,"2850-57607","Schaaps","dad","Schaaps-108",0.345,0.521,0.133,0.394,55501,"2850-57553","Schaaps","mom","Schaaps-108","medium"
"CO_83030","2850-57607_2850-57553","2811-83030","Schaaps","kid","Schaaps-108",97,"2","Schaaps_97_2",0.33,0.522,0.148,0.409,56349,"2850-57607","Schaaps","dad","Schaaps-108",0.395,0.423,0.182,0.394,51294,"2850-57553","Schaaps","mom","Schaaps-108","medium"
"CO_E70","2850-57607_2850-57553","E70","Schaaps","egg","Schaaps-108",108,"collected","Schaaps-108_collected",0.293,0.604,0.103,0.405,62533,"2850-57607","Schaaps","dad","Schaaps-108",0.37,0.474,0.156,0.393,56734,"2850-57553","Schaaps","mom","Schaaps-108","medium"
"CO_E71","2850-57607_2850-57553","E71","Schaaps","egg","Schaaps-108",108,"collected","Schaaps-108_collected",0.281,0.602,0.117,0.418,65498,"2850-57607","Schaaps","dad","Schaaps-108",0.315,0.568,0.118,0.401,59463,"2850-57553","Schaaps","mom","Schaaps-108","medium"
"CO_E74","2850-57607_2850-57553","E74","Schaaps","egg","Schaaps-108",108,"collected","Schaaps-108_collected",0.239,0.684,0.077,0.419,70443,"2850-57607","Schaaps","dad","Schaaps-108",0.296,0.582,0.122,0.413,63951,"2850-57553","Schaaps","mom","Schaaps-108","medium"
"CO_E72","2850-57607_2850-57553","E72","Schaaps","egg","Schaaps-108",108,"collected","Schaaps-108_collected",0.28,0.614,0.106,0.413,60245,"2850-57607","Schaaps","dad","Schaaps-108",0.313,0.562,0.125,0.406,54678,"2850-57553","Schaaps","mom","Schaaps-108","medium"
"CO_E73","2850-57607_2850-57553","E73","Schaaps","egg","Schaaps-108",108,"collected","Schaaps-108_collected",0.3,0.589,0.112,0.406,60276,"2850-57607","Schaaps","dad","Schaaps-108",0.329,0.522,0.149,0.41,54713,"2850-57553","Schaaps","mom","Schaaps-108","medium"
"CO_E83","2850-57619_2850-57555","E83","Reinarz","egg","Reinarz-01",1,"collected","Reinarz-01_collected",0.33,0.55,0.12,0.395,58726,"2850-57619","Reinarz","dad","Reinarz-01",0.318,0.552,0.131,0.406,57451,"2850-57555","Reinarz","mom","Reinarz-01","small"
"CO_E84","2850-57619_2850-57555","E84","Reinarz","egg","Reinarz-01",1,"collected","Reinarz-01_collected",0.295,0.567,0.139,0.422,60046,"2850-57619","Reinarz","dad","Reinarz-01",0.324,0.557,0.119,0.398,58861,"2850-57555","Reinarz","mom","Reinarz-01","small"
"CO_E82","2850-57619_2850-57555","E82","Reinarz","egg","Reinarz-01",1,"collected","Reinarz-01_collected",0.339,0.522,0.139,0.4,61822,"2850-57619","Reinarz","dad","Reinarz-01",0.327,0.54,0.132,0.403,60684,"2850-57555","Reinarz","mom","Reinarz-01","small"
"CO_E81","2850-57619_2850-57555","E81","Reinarz","egg","Reinarz-01",1,"collected","Reinarz-01_collected",0.325,0.557,0.118,0.397,60411,"2850-57619","Reinarz","dad","Reinarz-01",0.332,0.514,0.154,0.411,59316,"2850-57555","Reinarz","mom","Reinarz-01","small"
"CO_E80","2850-57619_2850-57555","E80","Reinarz","egg","Reinarz-01",1,"collected","Reinarz-01_collected",0.301,0.594,0.105,0.402,67563,"2850-57619","Reinarz","dad","Reinarz-01",0.291,0.605,0.104,0.406,66317,"2850-57555","Reinarz","mom","Reinarz-01","small"
"CO_E39","2850-57701_2850-57556","E39","Schaaps","egg","Schaaps-80",80,"collected","Schaaps-80_collected",0.381,0.463,0.155,0.387,50536,"2850-57701","Schaaps","dad","Schaaps-110",0.342,0.549,0.109,0.384,58709,"2850-57556","Schaaps","mom","Schaaps-80","medium"
"CO_E42","2850-57701_2850-57556","E42","Schaaps","egg","Schaaps-80",80,"collected","Schaaps-80_collected",0.402,0.429,0.17,0.384,52130,"2850-57701","Schaaps","dad","Schaaps-110",0.313,0.59,0.096,0.391,60495,"2850-57556","Schaaps","mom","Schaaps-80","medium"
"CO_E38","2850-57701_2850-57556","E38","Schaaps","egg","Schaaps-80",80,"collected","Schaaps-80_collected",0.377,0.468,0.155,0.389,55239,"2850-57701","Schaaps","dad","Schaaps-110",0.311,0.59,0.099,0.394,64120,"2850-57556","Schaaps","mom","Schaaps-80","medium"
"CO_E40","2850-57701_2850-57556","E40","Schaaps","egg","Schaaps-80",80,"collected","Schaaps-80_collected",0.4,0.437,0.163,0.382,53718,"2850-57701","Schaaps","dad","Schaaps-110",0.311,0.581,0.109,0.399,62240,"2850-57556","Schaaps","mom","Schaaps-80","medium"
"CO_E41","2850-57701_2850-57556","E41","Schaaps","egg","Schaaps-80",80,"collected","Schaaps-80_collected",0.403,0.446,0.152,0.375,53774,"2850-57701","Schaaps","dad","Schaaps-110",0.306,0.592,0.103,0.398,62457,"2850-57556","Schaaps","mom","Schaaps-80","medium"
"CO_E60","2850-57633_2850-57558","E60","Cooks","egg","Cooks-31",31,"collected","Cooks-31_collected",0.339,0.491,0.17,0.415,56494,"2850-57633","Cooks","dad","Cooks-31",0.34,0.516,0.144,0.402,57204,"2850-57558","Cooks","mom","Cooks-31","medium"
"CO_E61","2850-57633_2850-57558","E61","Cooks","egg","Cooks-31",31,"collected","Cooks-31_collected",0.303,0.541,0.155,0.426,54312,"2850-57633","Cooks","dad","Cooks-31",0.374,0.465,0.161,0.394,54788,"2850-57558","Cooks","mom","Cooks-31","medium"
"CO_E64","2850-57633_2850-57558","E64","Cooks","egg","Cooks-31",31,"collected","Cooks-31_collected",0.241,0.668,0.091,0.425,59549,"2850-57633","Cooks","dad","Cooks-31",0.276,0.61,0.114,0.419,60391,"2850-57558","Cooks","mom","Cooks-31","medium"
"CO_E48","2850-57565_2850-57610","E48","Blue Cloud","egg","BlueCloud-14",14,"collected","BlueCloud-14_collected",0.302,0.572,0.126,0.412,61863,"2850-57565","Blue Cloud","dad","BlueCloud-19",0.381,0.439,0.18,0.4,45780,"2850-57610","Blue Cloud","mom","BlueCloud-14","medium"
"CO_E50","2850-57565_2850-57610","E50","Blue Cloud","egg","BlueCloud-14",14,"collected","BlueCloud-14_collected",0.335,0.503,0.162,0.413,55407,"2850-57565","Blue Cloud","dad","BlueCloud-19",0.413,0.395,0.192,0.389,41024,"2850-57610","Blue Cloud","mom","BlueCloud-14","medium"
"CO_E49","2850-57565_2850-57610","E49","Blue Cloud","egg","BlueCloud-14",14,"collected","BlueCloud-14_collected",0.326,0.538,0.136,0.405,62372,"2850-57565","Blue Cloud","dad","BlueCloud-19",0.394,0.411,0.195,0.401,46171,"2850-57610","Blue Cloud","mom","BlueCloud-14","medium"
"CO_E03","2850-57615_2850-57608","E03","Urban Farm Girlz","egg","UrbanFarm-02",2,"collected","UrbanFarm-02_collected",0.336,0.531,0.133,0.398,58785,"2850-57615","Urban Farm Girlz","dad","UrbanFarm-02",0.277,0.621,0.102,0.412,65117,"2850-57608","Urban Farm Girlz","mom","UrbanFarm-02","small"
"CO_E01","2850-57615_2850-57608","E01","Urban Farm Girlz","egg","UrbanFarm-02",2,"collected","UrbanFarm-02_collected",0.348,0.503,0.149,0.4,49987,"2850-57615","Urban Farm Girlz","dad","UrbanFarm-02",0.276,0.617,0.107,0.416,55498,"2850-57608","Urban Farm Girlz","mom","UrbanFarm-02","small"
"CO_E04","2850-57615_2850-57608","E04","Urban Farm Girlz","egg","UrbanFarm-02",2,"collected","UrbanFarm-02_collected",0.364,0.472,0.164,0.4,54041,"2850-57615","Urban Farm Girlz","dad","UrbanFarm-02",0.305,0.588,0.107,0.401,59988,"2850-57608","Urban Farm Girlz","mom","UrbanFarm-02","small"
"CO_E02","2850-57615_2850-57608","E02","Urban Farm Girlz","egg","UrbanFarm-02",2,"collected","UrbanFarm-02_collected",0.37,0.482,0.148,0.389,54563,"2850-57615","Urban Farm Girlz","dad","UrbanFarm-02",0.309,0.559,0.132,0.412,60486,"2850-57608","Urban Farm Girlz","mom","UrbanFarm-02","small"
"CO_82979","2850-57614_2850-57610","2811-82979","Blue Cloud","kid","BlueCloud-14",22,"1","Blue Cloud_22_2",0.366,0.492,0.142,0.388,53627,"2850-57614","Blue Cloud","dad","BlueCloud-14",0.41,0.364,0.226,0.408,40942,"2850-57610","Blue Cloud","mom","BlueCloud-14","medium"
"CO_82983","2850-57614_2850-57610","2811-82983","Blue Cloud","kid","BlueCloud-14",22,"1","Blue Cloud_22_2",0.336,0.525,0.139,0.401,58166,"2850-57614","Blue Cloud","dad","BlueCloud-14",0.418,0.37,0.212,0.397,44430,"2850-57610","Blue Cloud","mom","BlueCloud-14","medium"
"CO_82980","2850-57614_2850-57610","2811-82980","Blue Cloud","kid","BlueCloud-14",22,"1","Blue Cloud_22_2",0.387,0.436,0.177,0.395,54194,"2850-57614","Blue Cloud","dad","BlueCloud-14",0.499,0.236,0.265,0.383,41395,"2850-57610","Blue Cloud","mom","BlueCloud-14","medium"
"CO_82981","2850-57614_2850-57610","2811-82981","Blue Cloud","kid","BlueCloud-14",22,"1","Blue Cloud_22_2",0.361,0.494,0.145,0.392,57730,"2850-57614","Blue Cloud","dad","BlueCloud-14",0.41,0.37,0.219,0.404,44062,"2850-57610","Blue Cloud","mom","BlueCloud-14","medium"
"CO_82982","2850-57614_2850-57610","2811-82982","Blue Cloud","kid","BlueCloud-14",22,"1","Blue Cloud_22_2",0.379,0.458,0.163,0.392,56987,"2850-57614","Blue Cloud","dad","BlueCloud-14",0.361,0.468,0.171,0.405,43612,"2850-57610","Blue Cloud","mom","BlueCloud-14","medium"
"CO_E51","2850-57614_2850-57610","E51","Blue Cloud","egg","BlueCloud-14",14,"collected","BlueCloud-14_collected",0.33,0.532,0.139,0.405,62837,"2850-57614","Blue Cloud","dad","BlueCloud-14",0.366,0.488,0.145,0.39,48028,"2850-57610","Blue Cloud","mom","BlueCloud-14","medium"
"CO_83406","2850-57901_2850-57612","2811-83406","Blue Cloud","kid","BlueCloud-09",21,"1","Blue Cloud_21_1",0.292,0.58,0.128,0.418,55018,"2850-57901","Blue Cloud","dad","BlueCloud-09",0.293,0.599,0.108,0.407,65205,"2850-57612","Blue Cloud","mom","BlueCloud-09","medium"
"CO_83404","2850-57901_2850-57612","2811-83404","Blue Cloud","kid","BlueCloud-09",21,"1","Blue Cloud_21_1",0.325,0.527,0.148,0.411,53864,"2850-57901","Blue Cloud","dad","BlueCloud-09",0.314,0.576,0.11,0.398,63823,"2850-57612","Blue Cloud","mom","BlueCloud-09","medium"
"CO_83205","2850-57836_2640-97347","2811-83205","Make Believe","kid","MakeBelieve-26",34,"1","Make Believe_34_1",0.288,0.622,0.09,0.401,62929,"2850-57836","Make Believe","dad","MakeBelieve-26",0.292,0.593,0.114,0.411,62498,"2640-97347","Make Believe","mom","MakeBelieve-26","medium"
"CO_83209","2850-57836_2640-97347","2811-83209","Make Believe","kid","MakeBelieve-26",34,"1","Make Believe_34_1",0.281,0.618,0.101,0.41,66149,"2850-57836","Make Believe","dad","MakeBelieve-26",0.249,0.696,0.054,0.403,65720,"2640-97347","Make Believe","mom","MakeBelieve-26","medium"
"CO_E05","2850-57836_2640-97347","E05","Make Believe","egg","MakeBelieve-26",26,"collected","MakeBelieve-26_collected",0.31,0.569,0.121,0.405,59838,"2850-57836","Make Believe","dad","MakeBelieve-26",0.326,0.562,0.111,0.392,59460,"2640-97347","Make Believe","mom","MakeBelieve-26","medium"
"CO_E07","2850-57836_2640-97347","E07","Make Believe","egg","MakeBelieve-26",26,"collected","MakeBelieve-26_collected",0.309,0.595,0.096,0.394,65750,"2850-57836","Make Believe","dad","MakeBelieve-26",0.298,0.606,0.096,0.399,65195,"2640-97347","Make Believe","mom","MakeBelieve-26","medium"
"CO_E09","2850-57836_2640-97347","E09","Make Believe","egg","MakeBelieve-26",26,"collected","MakeBelieve-26_collected",0.362,0.508,0.131,0.385,56541,"2850-57836","Make Believe","dad","MakeBelieve-26",0.368,0.464,0.169,0.4,56086,"2640-97347","Make Believe","mom","MakeBelieve-26","medium"
"CO_E08","2850-57836_2640-97347","E08","Make Believe","egg","MakeBelieve-26",26,"collected","MakeBelieve-26_collected",0.339,0.552,0.109,0.385,60582,"2850-57836","Make Believe","dad","MakeBelieve-26",0.296,0.597,0.106,0.405,60062,"2640-97347","Make Believe","mom","MakeBelieve-26","medium"
"CO_E06","2850-57836_2640-97347","E06","Make Believe","egg","MakeBelieve-26",26,"collected","MakeBelieve-26_collected",0.371,0.476,0.152,0.391,56612,"2850-57836","Make Believe","dad","MakeBelieve-26",0.332,0.531,0.137,0.403,56095,"2640-97347","Make Believe","mom","MakeBelieve-26","medium"
"CO_83215","2850-57912_2850-57853","2811-83215","Cooks","kid","Cooks-27",29,"2","Cooks_29_2",0.274,0.604,0.122,0.424,54964,"2850-57912","Cooks","dad","Cooks-27",0.282,0.597,0.12,0.419,49357,"2850-57853","Cooks","mom","Cooks-27","medium"
"CO_83041","2510-63488_2640-97596","2811-83041","Make Believe","kid","MakeBelieve-20",73,"2","Make Believe_73_2",0.266,0.627,0.107,0.421,59837,"2510-63488","Make Believe","dad","MakeBelieve-17",0.288,0.582,0.131,0.421,56138,"2640-97596","Make Believe","mom","MakeBelieve-20","medium"
"CO_83042","2510-63488_2640-97596","2811-83042","Make Believe","kid","MakeBelieve-20",73,"2","Make Believe_73_2",0.256,0.664,0.079,0.411,63526,"2510-63488","Make Believe","dad","MakeBelieve-17",0.283,0.603,0.115,0.416,59636,"2640-97596","Make Believe","mom","MakeBelieve-20","medium"
"CO_E23","2850-57518_2640-97385","E23","Make Believe","egg","MakeBelieve-69",69,"collected","MakeBelieve-69_collected",0.336,0.525,0.139,0.401,55150,"2850-57518","Make Believe","dad","MakeBelieve-69",0.325,0.529,0.146,0.411,56801,"2640-97385","Make Believe","mom","MakeBelieve-69","medium"
"CO_E20","2850-57518_2640-97385","E20","Make Believe","egg","MakeBelieve-69",69,"collected","MakeBelieve-69_collected",0.308,0.57,0.122,0.407,52462,"2850-57518","Make Believe","dad","MakeBelieve-69",0.299,0.584,0.117,0.409,54041,"2640-97385","Make Believe","mom","MakeBelieve-69","medium"
"CO_E22","2850-57518_2640-97385","E22","Make Believe","egg","MakeBelieve-69",69,"collected","MakeBelieve-69_collected",0.293,0.59,0.117,0.412,57639,"2850-57518","Make Believe","dad","MakeBelieve-69",0.288,0.612,0.101,0.406,59381,"2640-97385","Make Believe","mom","MakeBelieve-69","medium"
"CO_E21","2850-57518_2640-97385","E21","Make Believe","egg","MakeBelieve-69",69,"collected","MakeBelieve-69_collected",0.342,0.506,0.152,0.405,58279,"2850-57518","Make Believe","dad","MakeBelieve-69",0.297,0.577,0.126,0.414,59919,"2640-97385","Make Believe","mom","MakeBelieve-69","medium"
"CO_E24","2850-57518_2640-97385","E24","Make Believe","egg","MakeBelieve-69",69,"collected","MakeBelieve-69_collected",0.312,0.569,0.119,0.404,57115,"2850-57518","Make Believe","dad","MakeBelieve-69",0.333,0.517,0.149,0.408,58836,"2640-97385","Make Believe","mom","MakeBelieve-69","medium"
"CO_39029","2850-57546_2850-57559","2811-39029","Schaaps","kid","Schaaps-98",98,"2","Schaaps_98_2",0.212,0.682,0.106,0.447,49125,"2850-57546","Schaaps","dad","Schaaps-98",0.183,0.717,0.1,0.459,56888,"2850-57559","Schaaps","mom","Schaaps-98","medium"
"CO_39030","2850-57546_2850-57559","2811-39030","Schaaps","kid","Schaaps-98",98,"2","Schaaps_98_2",0.135,0.819,0.046,0.456,57312,"2850-57546","Schaaps","dad","Schaaps-98",0.157,0.755,0.088,0.466,66155,"2850-57559","Schaaps","mom","Schaaps-98","medium"
"CO_39043","2850-57615_2850-57608","2811-39043","Urban Farm Girlz","kid","UrbanFarm-02",5,"1","Urban Farm Girlz_5_1",0.24,0.678,0.082,0.421,56473,"2850-57615","Urban Farm Girlz","dad","UrbanFarm-02",0.235,0.696,0.069,0.417,62469,"2850-57608","Urban Farm Girlz","mom","UrbanFarm-02","small"
"CO_39050","2850-57615_2850-57608","2811-39050","Urban Farm Girlz","kid","UrbanFarm-02",5,"1","Urban Farm Girlz_5_1",0.25,0.683,0.067,0.408,53862,"2850-57615","Urban Farm Girlz","dad","UrbanFarm-02",0.248,0.657,0.095,0.423,59720,"2850-57608","Urban Farm Girlz","mom","UrbanFarm-02","small"
"CO_39152","2850-57701_2850-57604","2811-39152","Schaaps","kid","Schaaps-110",110,"1","Schaaps_110_1",0.293,0.576,0.131,0.419,52428,"2850-57701","Schaaps","dad","Schaaps-110",0.191,0.745,0.063,0.436,57577,"2850-57604","Schaaps","mom","Schaaps-110","medium"
"CO_39153","2850-57701_2850-57604","2811-39153","Schaaps","kid","Schaaps-110",110,"1","Schaaps_110_1",0.28,0.627,0.093,0.407,54170,"2850-57701","Schaaps","dad","Schaaps-110",0.198,0.727,0.075,0.438,59443,"2850-57604","Schaaps","mom","Schaaps-110","medium"
"CO_39154","2850-57701_2850-57604","2811-39154","Schaaps","kid","Schaaps-110",110,"1","Schaaps_110_1",0.284,0.618,0.098,0.407,54431,"2850-57701","Schaaps","dad","Schaaps-110",0.161,0.774,0.065,0.452,59815,"2850-57604","Schaaps","mom","Schaaps-110","medium"
"CO_39155","2850-57563_2850-57561","2811-39155","Schaaps","kid","Schaaps-74",74,"1","Schaaps_74_1",0.163,0.783,0.054,0.445,69671,"2850-57563","Schaaps","dad","Schaaps-74",0.218,0.7,0.082,0.432,58986,"2850-57561","Schaaps","mom","Schaaps-74","medium"
"CO_39156","2850-57563_2850-57561","2811-39156","Schaaps","kid","Schaaps-74",74,"1","Schaaps_74_1",0.146,0.816,0.038,0.446,79656,"2850-57563","Schaaps","dad","Schaaps-74",0.142,0.816,0.042,0.45,67322,"2850-57561","Schaaps","mom","Schaaps-74","medium"
"CO_39157","2850-57563_2850-57561","2811-39157","Schaaps","kid","Schaaps-74",74,"1","Schaaps_74_1",0.161,0.805,0.034,0.437,69671,"2850-57563","Schaaps","dad","Schaaps-74",0.177,0.77,0.053,0.438,58876,"2850-57561","Schaaps","mom","Schaaps-74","medium"
"CO_39158","2850-57606_2850-57611","2811-39158","Schaaps","kid","Schaaps-71",71,"1","Schaaps_71_1",0.176,0.757,0.067,0.445,55693,"2850-57606","Schaaps","dad","Schaaps-71",0.198,0.725,0.077,0.44,62642,"2850-57611","Schaaps","mom","Schaaps-71","medium"
"CO_39159","2850-57606_2850-57611","2811-39159","Schaaps","kid","Schaaps-71",71,"1","Schaaps_71_1",0.189,0.716,0.094,0.452,55357,"2850-57606","Schaaps","dad","Schaaps-71",0.193,0.72,0.087,0.447,62228,"2850-57611","Schaaps","mom","Schaaps-71","medium"
"CO_39177","2850-57606_2850-57611","2811-39177","Schaaps","kid","Schaaps-71",71,"1","Schaaps_71_1",0.182,0.71,0.108,0.463,50968,"2850-57606","Schaaps","dad","Schaaps-71",0.196,0.718,0.086,0.445,57241,"2850-57611","Schaaps","mom","Schaaps-71","medium"
"CO_39184","2850-57624_2850-57617","2811-39184","Urban Farm Girlz","kid","UrbanFarm-04",4,"1","Urban Farm Girlz_4_1",0.24,0.68,0.081,0.421,67708,"2850-57624","Urban Farm Girlz","dad","UrbanFarm-04",0.119,0.835,0.046,0.464,77009,"2850-57617","Urban Farm Girlz","mom","UrbanFarm-04","small"
"CO_39185","2850-57624_2850-57617","2811-39185","Urban Farm Girlz","kid","UrbanFarm-04",4,"1","Urban Farm Girlz_4_1",0.243,0.655,0.102,0.429,64297,"2850-57624","Urban Farm Girlz","dad","UrbanFarm-04",0.128,0.82,0.052,0.462,73127,"2850-57617","Urban Farm Girlz","mom","UrbanFarm-04","small"
"CO_39186","2850-57624_2850-57617","2811-39186","Urban Farm Girlz","kid","UrbanFarm-04",4,"1","Urban Farm Girlz_4_1",0.259,0.626,0.115,0.428,59323,"2850-57624","Urban Farm Girlz","dad","UrbanFarm-04",0.135,0.825,0.04,0.453,67453,"2850-57617","Urban Farm Girlz","mom","UrbanFarm-04","small"
"CO_39187","2850-57563_2850-57905","2811-39187","Schaaps","kid","Schaaps-24",24,"1","Schaaps_24_1",0.151,0.8,0.048,0.449,67094,"2850-57563","Schaaps","dad","Schaaps-74",0.126,0.825,0.05,0.462,56029,"2850-57905","Schaaps","mom","Schaaps-24","medium"
"CO_39188","2850-57554_2850-57905","2811-39188","Schaaps","kid","Schaaps-24",24,"1","Schaaps_24_1",0.141,0.808,0.052,0.456,69325,"2850-57554","Schaaps","dad","Schaaps-24",0.149,0.795,0.057,0.454,65137,"2850-57905","Schaaps","mom","Schaaps-24","medium"
"CO_39189","2850-57563_2850-57905","2811-39189","Schaaps","kid","Schaaps-24",24,"1","Schaaps_24_1",0.168,0.775,0.057,0.445,71057,"2850-57563","Schaaps","dad","Schaaps-74",0.179,0.725,0.096,0.458,59345,"2850-57905","Schaaps","mom","Schaaps-24","medium"
"CO_39190","2850-57602_2850-57854","2811-39190","Cooks","kid","Cooks-18",18,"1","Cooks_18_1",0.203,0.74,0.057,0.427,68416,"2850-57602","Cooks","dad","Cooks-18",0.192,0.74,0.068,0.438,58404,"2850-57854","Cooks","mom","Cooks-18","medium"
"CO_39191","2850-57602_2850-57854","2811-39191","Cooks","kid","Cooks-18",18,"1","Cooks_18_1",0.181,0.761,0.058,0.439,65369,"2850-57602","Cooks","dad","Cooks-18",0.165,0.761,0.073,0.454,55649,"2850-57854","Cooks","mom","Cooks-18","medium"
"CO_39192","2850-57602_2850-57854","2811-39192","Cooks","kid","Cooks-18",18,"1","Cooks_18_1",0.229,0.705,0.065,0.418,63435,"2850-57602","Cooks","dad","Cooks-18",0.176,0.737,0.088,0.456,54079,"2850-57854","Cooks","mom","Cooks-18","medium"
"CO_39193","2850-57602_2850-57854","2811-39193","Cooks","kid","Cooks-18",18,"1","Cooks_18_1",0.229,0.704,0.067,0.419,64661,"2850-57602","Cooks","dad","Cooks-18",0.163,0.752,0.085,0.461,55049,"2850-57854","Cooks","mom","Cooks-18","medium"
"CO_39198","2850-57538_2850-57611","2811-39198","Schaaps","kid","Schaaps-71",71,"1","Schaaps_71_1",0.035,0.728,0.237,0.601,57017,"2850-57538","Schaaps","dad","Schaaps-80",0.403,0.565,0.032,0.315,65993,"2850-57611","Schaaps","mom","Schaaps-71","medium"
"CO_83013","2850-57615_2850-57608","2811-83013","Urban Farm Girlz","kid","UrbanFarm-02",2.2,"2","Urban Farm Girlz_2.2_2",0.214,0.732,0.054,0.42,67286,"2850-57615","Urban Farm Girlz","dad","UrbanFarm-02",0.194,0.766,0.04,0.423,74637,"2850-57608","Urban Farm Girlz","mom","UrbanFarm-02","small"
"CO_83015","2850-57615_2850-57608","2811-83015","Urban Farm Girlz","kid","UrbanFarm-02",2.2,"2","Urban Farm Girlz_2.2_2",0.264,0.622,0.115,0.425,56944,"2850-57615","Urban Farm Girlz","dad","UrbanFarm-02",0.239,0.671,0.091,0.426,63256,"2850-57608","Urban Farm Girlz","mom","UrbanFarm-02","small"
"CO_83017","2850-57615_2850-57608","2811-83017","Urban Farm Girlz","kid","UrbanFarm-02",2.2,"2","Urban Farm Girlz_2.2_2",0.275,0.639,0.086,0.406,51860,"2850-57615","Urban Farm Girlz","dad","UrbanFarm-02",0.216,0.722,0.062,0.423,57452,"2850-57608","Urban Farm Girlz","mom","UrbanFarm-02","small"
"CO_34129","2850-57836_2640-97347","2881-34129","Make Believe","kid","MakeBelieve-26",38,"2","Make Believe_38_2",0.343,0.53,0.126,0.392,60041,"2850-57836","Make Believe","dad","MakeBelieve-26",0.276,0.623,0.101,0.412,59562,"2640-97347","Make Believe","mom","MakeBelieve-26","medium"
"CO_34130","2850-57836_2640-97347","2881-34130","Make Believe","kid","MakeBelieve-26",38,"2","Make Believe_38_2",0.301,0.603,0.095,0.397,67280,"2850-57836","Make Believe","dad","MakeBelieve-26",0.241,0.682,0.077,0.418,66906,"2640-97347","Make Believe","mom","MakeBelieve-26","medium"
"CO_34131","2850-57836_2640-97347","2881-34131","Make Believe","kid","MakeBelieve-26",38,"2","Make Believe_38_2",0.321,0.56,0.119,0.399,61666,"2850-57836","Make Believe","dad","MakeBelieve-26",0.314,0.58,0.106,0.396,61184,"2640-97347","Make Believe","mom","MakeBelieve-26","medium"
"CO_39031","2850-57557_2850-57609","2811-39031","Cooks","kid","Cooks-24",6,"1","Cooks_6_1",0.381,0.431,0.188,0.404,48523,"2850-57557","Cooks","dad","Cooks-24",0.371,0.449,0.18,0.404,46847,"2850-57609","Cooks","mom","Cooks-24","medium"
"CO_39032","2850-57557_2850-57609","2811-39032","Cooks","kid","Cooks-24",6,"1","Cooks_6_1",0.322,0.545,0.133,0.405,57814,"2850-57557","Cooks","dad","Cooks-24",0.346,0.515,0.139,0.397,55853,"2850-57609","Cooks","mom","Cooks-24","medium"
"CO_39033","2850-57557_2850-57609","2811-39033","Cooks","kid","Cooks-24",6,"1","Cooks_6_1",0.287,0.603,0.11,0.411,62094,"2850-57557","Cooks","dad","Cooks-24",0.293,0.598,0.109,0.408,59916,"2850-57609","Cooks","mom","Cooks-24","medium"
"CO_39038","2850-57538_2850-57556","2811-39038","Schaaps","kid","Schaaps-80",59,"1","Schaaps_59_1",0.27,0.635,0.095,0.413,52823,"2850-57538","Schaaps","dad","Schaaps-80",0.292,0.593,0.115,0.411,62283,"2850-57556","Schaaps","mom","Schaaps-80","medium"
"CO_39039","2850-57538_2850-57556","2811-39039","Schaaps","kid","Schaaps-80",59,"1","Schaaps_59_1",0.318,0.515,0.167,0.425,52205,"2850-57538","Schaaps","dad","Schaaps-80",0.315,0.563,0.123,0.404,61632,"2850-57556","Schaaps","mom","Schaaps-80","medium"
"CO_39040","2850-57538_2850-57556","2811-39040","Schaaps","kid","Schaaps-80",59,"1","Schaaps_59_1",0.308,0.579,0.113,0.403,55362,"2850-57538","Schaaps","dad","Schaaps-80",0.274,0.646,0.08,0.403,65336,"2850-57556","Schaaps","mom","Schaaps-80","medium"
"CO_39041","2850-57538_2850-57556","2811-39041","Schaaps","kid","Schaaps-80",59,"1","Schaaps_59_1",0.315,0.568,0.117,0.401,54988,"2850-57538","Schaaps","dad","Schaaps-80",0.274,0.636,0.09,0.408,64754,"2850-57556","Schaaps","mom","Schaaps-80","medium"
"CO_39045","2850-57557_2850-57609","2811-39045","Cooks","kid","Cooks-24",6,"1","Cooks_6_1",0.319,0.537,0.144,0.413,54375,"2850-57557","Cooks","dad","Cooks-24",0.323,0.57,0.108,0.393,52440,"2850-57609","Cooks","mom","Cooks-24","medium"
"CO_82963","2350-21085_2640-97596","2811-82963","Make Believe","kid","MakeBelieve-20",70,"1","Make Believe_70_1",0.332,0.53,0.137,0.403,57925,"2350-21085","Make Believe","dad","MakeBelieve-20",0.293,0.57,0.137,0.422,58911,"2640-97596","Make Believe","mom","MakeBelieve-20","medium"
"CO_82964","2350-21085_2640-97596","2811-82964","Make Believe","kid","MakeBelieve-20",70,"1","Make Believe_70_1",0.304,0.567,0.129,0.412,59821,"2350-21085","Make Believe","dad","MakeBelieve-20",0.283,0.621,0.097,0.407,60778,"2640-97596","Make Believe","mom","MakeBelieve-20","medium"
"CO_82965","2350-21085_2640-97596","2811-82965","Make Believe","kid","MakeBelieve-20",70,"1","Make Believe_70_1",0.338,0.509,0.153,0.407,55061,"2350-21085","Make Believe","dad","MakeBelieve-20",0.312,0.559,0.13,0.409,55886,"2640-97596","Make Believe","mom","MakeBelieve-20","medium"
"CO_82966","2350-21085_2640-97596","2811-82966","Make Believe","kid","MakeBelieve-20",70,"1","Make Believe_70_1",0.365,0.47,0.165,0.4,51472,"2350-21085","Make Believe","dad","MakeBelieve-20",0.341,0.505,0.154,0.406,52306,"2640-97596","Make Believe","mom","MakeBelieve-20","medium"
"CO_82967","2350-21085_2640-97596","2811-82967","Make Believe","kid","MakeBelieve-20",70,"1","Make Believe_70_1",0.316,0.549,0.135,0.409,55995,"2350-21085","Make Believe","dad","MakeBelieve-20",0.283,0.615,0.101,0.409,56884,"2640-97596","Make Believe","mom","MakeBelieve-20","medium"
"CO_83033","2850-57557_2850-57609","2811-83033","Cooks","kid","Cooks-24",33,"2","Cooks_33_2",0.359,0.5,0.142,0.391,52889,"2850-57557","Cooks","dad","Cooks-24",0.397,0.424,0.179,0.391,51080,"2850-57609","Cooks","mom","Cooks-24","medium"
"CO_83034","2850-57557_2850-57609","2811-83034","Cooks","kid","Cooks-24",33,"2","Cooks_33_2",0.384,0.435,0.182,0.399,52914,"2850-57557","Cooks","dad","Cooks-24",0.401,0.46,0.139,0.369,51069,"2850-57609","Cooks","mom","Cooks-24","medium"
"CO_83035","2850-57557_2850-57609","2811-83035","Cooks","kid","Cooks-24",33,"2","Cooks_33_2",0.381,0.442,0.176,0.398,53890,"2850-57557","Cooks","dad","Cooks-24",0.364,0.508,0.128,0.382,52063,"2850-57609","Cooks","mom","Cooks-24","medium"
"CO_83036","2850-57557_2850-57609","2811-83036","Cooks","kid","Cooks-24",33,"2","Cooks_33_2",0.267,0.619,0.114,0.423,61950,"2850-57557","Cooks","dad","Cooks-24",0.283,0.628,0.089,0.403,59757,"2850-57609","Cooks","mom","Cooks-24","medium"
"CO_83037","2850-57552_2850-57551","2811-83037","Struthers","kid","Struthers-20",10,"2","Struthers_10_2",0.323,0.563,0.114,0.396,65998,"2850-57552","Struthers","dad","Struthers-20",0.306,0.613,0.08,0.387,61784,"2850-57551","Struthers","mom","Struthers-20","small"
"CO_83038","2850-57552_2850-57551","2811-83038","Struthers","kid","Struthers-20",10,"2","Struthers_10_2",0.329,0.559,0.112,0.391,61798,"2850-57552","Struthers","dad","Struthers-20",0.338,0.521,0.14,0.401,57734,"2850-57551","Struthers","mom","Struthers-20","small"
"CO_83039","2850-57552_2850-57551","2811-83039","Struthers","kid","Struthers-20",10,"2","Struthers_10_2",0.312,0.607,0.081,0.384,61030,"2850-57552","Struthers","dad","Struthers-20",0.341,0.538,0.121,0.39,57198,"2850-57551","Struthers","mom","Struthers-20","small"
"CO_83040","2850-57552_2850-57551","2811-83040","Struthers","kid","Struthers-20",10,"2","Struthers_10_2",0.326,0.577,0.097,0.386,65462,"2850-57552","Struthers","dad","Struthers-20",0.328,0.566,0.106,0.389,61340,"2850-57551","Struthers","mom","Struthers-20","small"
"CO_83043","2850-57518_2640-97596","2811-83043","Make Believe","kid","MakeBelieve-20",73,"2","Make Believe_73_2",0.317,0.57,0.113,0.398,59974,"2850-57518","Make Believe","dad","MakeBelieve-69",0.287,0.607,0.106,0.409,60143,"2640-97596","Make Believe","mom","MakeBelieve-20","medium"
"CO_83206","2850-57518_2640-97347","2811-83206","Make Believe","kid","MakeBelieve-26",34,"1","Make Believe_34_1",0.266,0.635,0.099,0.416,62459,"2850-57518","Make Believe","dad","MakeBelieve-69",0.281,0.623,0.096,0.408,66774,"2640-97347","Make Believe","mom","MakeBelieve-26","medium"
"CO_83207","2850-57518_2640-97347","2811-83207","Make Believe","kid","MakeBelieve-26",34,"1","Make Believe_34_1",0.339,0.501,0.16,0.41,47946,"2850-57518","Make Believe","dad","MakeBelieve-69",0.361,0.469,0.17,0.404,51093,"2640-97347","Make Believe","mom","MakeBelieve-26","medium"
"CO_83208","2850-57518_2640-97347","2811-83208","Make Believe","kid","MakeBelieve-26",34,"1","Make Believe_34_1",0.273,0.632,0.095,0.411,58043,"2850-57518","Make Believe","dad","MakeBelieve-69",0.255,0.652,0.093,0.419,62041,"2640-97347","Make Believe","mom","MakeBelieve-26","medium"
"CO_83210","2640-97548_2850-57551","2811-83210","Struthers","kid","Struthers-20",20,"1","Struthers_20_1",0.305,0.604,0.091,0.393,62508,"2640-97548","Blue Cloud","dad","BlueCloud-18",0.346,0.55,0.105,0.379,58173,"2850-57551","Struthers","mom","Struthers-20","small"
"CO_83211","2640-97548_2850-57551","2811-83211","Struthers","kid","Struthers-20",20,"1","Struthers_20_1",0.314,0.595,0.091,0.389,64254,"2640-97548","Blue Cloud","dad","BlueCloud-18",0.312,0.587,0.102,0.395,59799,"2850-57551","Struthers","mom","Struthers-20","small"
"CO_83212","2850-57552_2850-57551","2811-83212","Struthers","kid","Struthers-20",20,"1","Struthers_20_1",0.335,0.574,0.091,0.378,67124,"2850-57552","Struthers","dad","Struthers-20",0.327,0.57,0.103,0.388,62845,"2850-57551","Struthers","mom","Struthers-20","small"
"CO_83213","2850-57552_2850-57551","2811-83213","Struthers","kid","Struthers-20",20,"1","Struthers_20_1",0.358,0.505,0.137,0.39,59524,"2850-57552","Struthers","dad","Struthers-20",0.348,0.546,0.105,0.378,55658,"2850-57551","Struthers","mom","Struthers-20","small"
"CO_83401","2640-97548_2640-97385","2811-83401","Make Believe","kid","MakeBelieve-69",14,"1","Make Believe_14_1",0.292,0.586,0.122,0.415,63729,"2640-97548","Blue Cloud","dad","BlueCloud-18",0.258,0.65,0.092,0.417,59803,"2640-97385","Make Believe","mom","MakeBelieve-69","medium"
"CO_83402","2640-97548_2640-97385","2811-83402","Make Believe","kid","MakeBelieve-69",14,"1","Make Believe_14_1",0.338,0.536,0.127,0.395,60510,"2640-97548","Blue Cloud","dad","BlueCloud-18",0.252,0.665,0.083,0.416,56871,"2640-97385","Make Believe","mom","MakeBelieve-69","medium"
"CO_83403","2640-97548_2640-97385","2811-83403","Make Believe","kid","MakeBelieve-69",14,"1","Make Believe_14_1",0.32,0.561,0.118,0.399,64754,"2640-97548","Blue Cloud","dad","BlueCloud-18",0.292,0.584,0.124,0.416,60738,"2640-97385","Make Believe","mom","MakeBelieve-69","medium"
"CO_E43","2850-57552_2850-57551","E43","Struthers","egg","Struthers-20",20,"collected","Struthers-20_collected",0.341,0.563,0.096,0.377,64353,"2850-57552","Struthers","dad","Struthers-20",0.36,0.524,0.116,0.378,60203,"2850-57551","Struthers","mom","Struthers-20","small"
"CO_E44","2850-57552_2850-57551","E44","Struthers","egg","Struthers-20",20,"collected","Struthers-20_collected",0.377,0.485,0.138,0.38,60273,"2850-57552","Struthers","dad","Struthers-20",0.421,0.411,0.168,0.374,56396,"2850-57551","Struthers","mom","Struthers-20","small"
"CO_E45","2850-57552_2850-57551","E45","Struthers","egg","Struthers-20",20,"collected","Struthers-20_collected",0.33,0.582,0.088,0.379,65105,"2850-57552","Struthers","dad","Struthers-20",0.376,0.483,0.141,0.383,60877,"2850-57551","Struthers","mom","Struthers-20","small"
"CO_E46","2850-57552_2850-57551","E46","Struthers","egg","Struthers-20",20,"collected","Struthers-20_collected",0.323,0.574,0.102,0.39,65979,"2850-57552","Struthers","dad","Struthers-20",0.379,0.492,0.129,0.375,61703,"2850-57551","Struthers","mom","Struthers-20","small"
"CO_E47","2850-57552_2850-57551","E47","Struthers","egg","Struthers-20",20,"collected","Struthers-20_collected",0.331,0.571,0.097,0.383,63303,"2850-57552","Struthers","dad","Struthers-20",0.36,0.515,0.125,0.382,59212,"2850-57551","Struthers","mom","Struthers-20","small"
"CO_E75","2850-57557_2850-57609","E75","Cooks","egg","Cooks-24",24,"collected","Cooks-24_collected",0.312,0.564,0.124,0.406,55432,"2850-57557","Cooks","dad","Cooks-24",0.353,0.524,0.123,0.385,53473,"2850-57609","Cooks","mom","Cooks-24","medium"
"CO_E76","2850-57557_2850-57609","E76","Cooks","egg","Cooks-24",24,"collected","Cooks-24_collected",0.243,0.692,0.065,0.411,61755,"2850-57557","Cooks","dad","Cooks-24",0.246,0.672,0.082,0.418,59427,"2850-57609","Cooks","mom","Cooks-24","medium"
"CO_E78","2850-57557_2850-57609","E78","Cooks","egg","Cooks-24",24,"collected","Cooks-24_collected",0.346,0.516,0.137,0.396,54447,"2850-57557","Cooks","dad","Cooks-24",0.327,0.556,0.118,0.395,52470,"2850-57609","Cooks","mom","Cooks-24","medium"
"CO_E77","2850-57557_2850-57609","E77","Cooks","egg","Cooks-24",24,"collected","Cooks-24_collected",0.345,0.526,0.129,0.392,56240,"2850-57557","Cooks","dad","Cooks-24",0.36,0.478,0.162,0.401,54192,"2850-57609","Cooks","mom","Cooks-24","medium"
"CO_E79","2850-57557_2850-57609","E79","Cooks","egg","Cooks-24",24,"collected","Cooks-24_collected",0.329,0.536,0.135,0.403,55877,"2850-57557","Cooks","dad","Cooks-24",0.373,0.452,0.174,0.4,53846,"2850-57609","Cooks","mom","Cooks-24","medium"
"CO_83001","Schaaps-71_uns1_2850-57611","2811-83001","Schaaps","kid","Schaaps-71",134,"2","Schaaps_134_2",NA,NA,NA,NA,NA,"Schaaps-71_uns1",NA,NA,NA,0.213,0.676,0.111,0.449,63162,"2850-57611","Schaaps","mom","Schaaps-71","medium"
"CO_83002","Schaaps-71_uns1_2850-57611","2811-83002","Schaaps","kid","Schaaps-71",134,"2","Schaaps_134_2",NA,NA,NA,NA,NA,"Schaaps-71_uns1",NA,NA,NA,0.184,0.761,0.056,0.436,65248,"2850-57611","Schaaps","mom","Schaaps-71","medium"
"CO_83005","Schaaps-71_uns1_2850-57611","2811-83005","Schaaps","kid","Schaaps-71",134,"2","Schaaps_134_2",NA,NA,NA,NA,NA,"Schaaps-71_uns1",NA,NA,NA,0.202,0.728,0.07,0.434,61340,"2850-57611","Schaaps","mom","Schaaps-71","medium"
"CO_83003","Schaaps-71_uns2_2850-57611","2811-83003","Schaaps","kid","Schaaps-71",134,"2","Schaaps_134_2",NA,NA,NA,NA,NA,"Schaaps-71_uns2",NA,NA,NA,0.169,0.776,0.054,0.442,64880,"2850-57611","Schaaps","mom","Schaaps-71","medium"
"CO_83004","Schaaps-24_uns1_2850-57905","2811-83004","Schaaps","kid","Schaaps-24",28,"2","Schaaps_28_2",NA,NA,NA,NA,NA,"Schaaps-24_uns1",NA,NA,NA,0.17,0.747,0.083,0.456,58718,"2850-57905","Schaaps","mom","Schaaps-24","medium"
"CO_83031","Schaaps-54_uns1_2850-57553","2811-83031","Schaaps","kid","Schaaps-108",97,"2","Schaaps_97_2",NA,NA,NA,NA,NA,"Schaaps-54_uns1",NA,NA,NA,0.348,0.532,0.12,0.386,54990,"2850-57553","Schaaps","mom","Schaaps-108","medium"
"CO_83046","Schaaps-80_uns2_2850-57556","2811-83046","Schaaps","kid","Schaaps-80",80,"2","Schaaps_80_2",NA,NA,NA,NA,NA,"Schaaps-80_uns2",NA,NA,NA,0.251,0.665,0.083,0.416,65767,"2850-57556","Schaaps","mom","Schaaps-80","medium"
"CO_83044","Schaaps-80_uns1_2850-57556","2811-83044","Schaaps","kid","Schaaps-80",80,"2","Schaaps_80_2",NA,NA,NA,NA,NA,"Schaaps-80_uns1",NA,NA,NA,0.273,0.629,0.098,0.413,64913,"2850-57556","Schaaps","mom","Schaaps-80","medium"
"CO_82978","Cooks-31_uns2_2850-57558","2811-82978","Hepp (near Cook)","kid","Cooks-31",1,"1","Hepp (near Cook)_1_1",NA,NA,NA,NA,NA,"Cooks-31_uns2",NA,NA,NA,0.387,0.429,0.184,0.398,55874,"2850-57558","Cooks","mom","Cooks-31","solitary"
"CO_E63","Cooks-31_uns1_2850-57558","E63","Cooks","egg","Cooks-31",31,"collected","Cooks-31_collected",NA,NA,NA,NA,NA,"Cooks-31_uns1",NA,NA,NA,0.335,0.524,0.141,0.403,61845,"2850-57558","Cooks","mom","Cooks-31","medium"
"CO_82989","Schaaps-54_uns2_2850-57603","2811-82989","Schaaps","kid","Schaaps-54",33,"1","Schaaps_33_2",NA,NA,NA,NA,NA,"Schaaps-54_uns2",NA,NA,NA,0.359,0.462,0.179,0.41,53332,"2850-57603","Schaaps","mom","Schaaps-54","medium"
"CO_E58","Schaaps-54_uns1_2850-57603","E58","Schaaps","egg","Schaaps-54",54,"collected","Schaaps-54_collected",NA,NA,NA,NA,NA,"Schaaps-54_uns1",NA,NA,NA,0.33,0.554,0.117,0.393,59720,"2850-57603","Schaaps","mom","Schaaps-54","medium"
"CO_E56","Schaaps-54_uns1_2850-57603","E56","Schaaps","egg","Schaaps-54",54,"collected","Schaaps-54_collected",NA,NA,NA,NA,NA,"Schaaps-54_uns1",NA,NA,NA,0.327,0.53,0.143,0.408,55307,"2850-57603","Schaaps","mom","Schaaps-54","medium"
"CO_E57","Schaaps-54_uns1_2850-57603","E57","Schaaps","egg","Schaaps-54",54,"collected","Schaaps-54_collected",NA,NA,NA,NA,NA,"Schaaps-54_uns1",NA,NA,NA,0.346,0.487,0.167,0.41,53422,"2850-57603","Schaaps","mom","Schaaps-54","medium"
"CO_E59","Schaaps-54_uns1_2850-57603","E59","Schaaps","egg","Schaaps-54",54,"collected","Schaaps-54_collected",NA,NA,NA,NA,NA,"Schaaps-54_uns1",NA,NA,NA,0.349,0.483,0.168,0.41,55473,"2850-57603","Schaaps","mom","Schaaps-54","medium"
"CO_83405","BlueCloud-09_uns1_2850-57612","2811-83405","Blue Cloud","kid","BlueCloud-09",21,"1","Blue Cloud_21_1",NA,NA,NA,NA,NA,"BlueCloud-09_uns1",NA,NA,NA,0.328,0.544,0.127,0.4,56987,"2850-57612","Blue Cloud","mom","BlueCloud-09","medium"
"CO_83407","BlueCloud-09_uns1_2850-57612","2811-83407","Blue Cloud","kid","BlueCloud-09",21,"1","Blue Cloud_21_1",NA,NA,NA,NA,NA,"BlueCloud-09_uns1",NA,NA,NA,0.298,0.612,0.09,0.396,62618,"2850-57612","Blue Cloud","mom","BlueCloud-09","medium"
"CO_83408","BlueCloud-09_uns1_2850-57612","2811-83408","Blue Cloud","kid","BlueCloud-09",21,"1","Blue Cloud_21_1",NA,NA,NA,NA,NA,"BlueCloud-09_uns1",NA,NA,NA,0.316,0.565,0.119,0.401,64802,"2850-57612","Blue Cloud","mom","BlueCloud-09","medium"
"CO_E29","BlueCloud-09_uns1_2850-57612","E29","Blue Cloud","egg","BlueCloud-09",9,"collected","BlueCloud-09_collected",NA,NA,NA,NA,NA,"BlueCloud-09_uns1",NA,NA,NA,0.343,0.535,0.121,0.389,65912,"2850-57612","Blue Cloud","mom","BlueCloud-09","medium"
"CO_E33","BlueCloud-09_uns1_2850-57612","E33","Blue Cloud","egg","BlueCloud-09",9,"collected","BlueCloud-09_collected",NA,NA,NA,NA,NA,"BlueCloud-09_uns1",NA,NA,NA,0.322,0.563,0.115,0.396,64189,"2850-57612","Blue Cloud","mom","BlueCloud-09","medium"
"CO_E30","BlueCloud-09_uns1_2850-57612","E30","Blue Cloud","egg","BlueCloud-09",9,"collected","BlueCloud-09_collected",NA,NA,NA,NA,NA,"BlueCloud-09_uns1",NA,NA,NA,0.364,0.469,0.167,0.402,56294,"2850-57612","Blue Cloud","mom","BlueCloud-09","medium"
"CO_E31","BlueCloud-09_uns1_2850-57612","E31","Blue Cloud","egg","BlueCloud-09",9,"collected","BlueCloud-09_collected",NA,NA,NA,NA,NA,"BlueCloud-09_uns1",NA,NA,NA,0.104,0.65,0.246,0.571,63193,"2850-57612","Blue Cloud","mom","BlueCloud-09","medium"
"CO_E32","BlueCloud-09_uns1_2850-57612","E32","Blue Cloud","egg","BlueCloud-09",9,"collected","BlueCloud-09_collected",NA,NA,NA,NA,NA,"BlueCloud-09_uns1",NA,NA,NA,0.315,0.548,0.137,0.411,62629,"2850-57612","Blue Cloud","mom","BlueCloud-09","medium"
"CO_83216","Cooks-27_uns2_2850-57853","2811-83216","Cooks","kid","Cooks-27",29,"2","Cooks_29_2",NA,NA,NA,NA,NA,"Cooks-27_uns2",NA,NA,NA,0.26,0.633,0.107,0.424,52198,"2850-57853","Cooks","mom","Cooks-27","medium"
"CO_83217","Cooks-27_uns2_2850-57853","2811-83217","Cooks","kid","Cooks-27",29,"2","Cooks_29_2",NA,NA,NA,NA,NA,"Cooks-27_uns2",NA,NA,NA,0.281,0.588,0.131,0.425,50777,"2850-57853","Cooks","mom","Cooks-27","medium"
"CO_83214","Cooks-27_uns2_2850-57853","2811-83214","Cooks","kid","Cooks-27",29,"2","Cooks_29_2",NA,NA,NA,NA,NA,"Cooks-27_uns2",NA,NA,NA,0.327,0.529,0.143,0.408,51756,"2850-57853","Cooks","mom","Cooks-27","medium"
"CO_E54","Cooks-27_uns1_2850-57853","E54","Cooks","egg","Cooks-27",27,"collected","Cooks-27_collected",NA,NA,NA,NA,NA,"Cooks-27_uns1",NA,NA,NA,0.315,0.561,0.125,0.405,49674,"2850-57853","Cooks","mom","Cooks-27","medium"
"CO_E53","Cooks-27_uns1_2850-57853","E53","Cooks","egg","Cooks-27",27,"collected","Cooks-27_collected",NA,NA,NA,NA,NA,"Cooks-27_uns1",NA,NA,NA,0.306,0.547,0.147,0.421,51764,"2850-57853","Cooks","mom","Cooks-27","medium"
"CO_E52","Cooks-27_uns1_2850-57853","E52","Cooks","egg","Cooks-27",27,"collected","Cooks-27_collected",NA,NA,NA,NA,NA,"Cooks-27_uns1",NA,NA,NA,0.318,0.546,0.136,0.409,52079,"2850-57853","Cooks","mom","Cooks-27","medium"
"CO_39042","UrbanFarm-02_uns1_2850-57608","2811-39042","Urban Farm Girlz","kid","UrbanFarm-02",5,"1","Urban Farm Girlz_5_1",NA,NA,NA,NA,NA,"UrbanFarm-02_uns1",NA,NA,NA,0.212,0.735,0.053,0.421,66245,"2850-57608","Urban Farm Girlz","mom","UrbanFarm-02","small"
"CO_39044","UrbanFarm-02_uns1_2850-57608","2811-39044","Urban Farm Girlz","kid","UrbanFarm-02",5,"1","Urban Farm Girlz_5_1",NA,NA,NA,NA,NA,"UrbanFarm-02_uns1",NA,NA,NA,0.203,0.735,0.061,0.429,63506,"2850-57608","Urban Farm Girlz","mom","UrbanFarm-02","small"
"CO_83014","UrbanFarm-02_uns1_2850-57608","2811-83014","Urban Farm Girlz","kid","UrbanFarm-02",2.2,"2","Urban Farm Girlz_2.2_2",NA,NA,NA,NA,NA,"UrbanFarm-02_uns1",NA,NA,NA,0.223,0.7,0.077,0.427,64771,"2850-57608","Urban Farm Girlz","mom","UrbanFarm-02","small"
"CO_83016","UrbanFarm-02_uns1_2850-57608","2811-83016","Urban Farm Girlz","kid","UrbanFarm-02",2.2,"2","Urban Farm Girlz_2.2_2",NA,NA,NA,NA,NA,"UrbanFarm-02_uns1",NA,NA,NA,0.236,0.69,0.074,0.419,59977,"2850-57608","Urban Farm Girlz","mom","UrbanFarm-02","small"
"CO_82969","Cooks-23_uns1_2640-97370","2811-82969","Cooks","kid","Cooks-23",22,"1","Cooks_22_1",NA,NA,NA,NA,NA,"Cooks-23_uns1",NA,NA,NA,0.359,0.506,0.134,0.388,59466,"2640-97370","Cooks","mom","Cooks-23","medium"
"CO_82971","Cooks-31_uns1_2640-97370","2811-82971","Cooks","kid","Cooks-23",22,"1","Cooks_22_1",NA,NA,NA,NA,NA,"Cooks-31_uns1",NA,NA,NA,0.298,0.589,0.113,0.408,61250,"2640-97370","Cooks","mom","Cooks-23","medium"
"CO_82972","Cooks-23_uns1_2640-97370","2811-82972","Cooks","kid","Cooks-23",22,"1","Cooks_22_1",NA,NA,NA,NA,NA,"Cooks-23_uns1",NA,NA,NA,0.308,0.599,0.093,0.392,63429,"2640-97370","Cooks","mom","Cooks-23","medium"
"CO_82973","Cooks-23_uns1_2640-97370","2811-82973","Cooks","kid","Cooks-23",22,"1","Cooks_22_1",NA,NA,NA,NA,NA,"Cooks-23_uns1",NA,NA,NA,0.329,0.544,0.127,0.399,57405,"2640-97370","Cooks","mom","Cooks-23","medium"
